{
	"providers": [
		{
			"type": "bitmap",
			"ascent": 7,
			"file": "bsns.png",
			"chars": [
				""
			]
		},
		{
			"type": "bitmap",
			"ascent": 7,
			"file": "xvqy.png",
			"chars": [
				""
			]
		},
		{
			"type": "bitmap",
			"ascent": 7,
			"file": "ongi.png",
			"chars": [
				""
			]
		},
		{
			"type": "bitmap",
			"ascent": 7,
			"file": "xsmz.png",
			"chars": [
				""
			]
		},
		{
			"type": "bitmap",
			"ascent": 7,
			"file": "gitd.png",
			"chars": [
				""
			]
		},
		{
			"type": "bitmap",
			"ascent": 7,
			"file": "dnrc.png",
			"chars": [
				""
			]
		},
		{
			"type": "bitmap",
			"ascent": 7,
			"file": "fibg.png",
			"chars": [
				""
			]
		},
		{
			"type": "bitmap",
			"ascent": 7,
			"file": "xlwy.png",
			"chars": [
				""
			]
		},
		{
			"type": "bitmap",
			"ascent": 7,
			"file": "pzre.png",
			"chars": [
				""
			]
		},
		{
			"type": "bitmap",
			"ascent": 7,
			"file": "zcjr.png",
			"chars": [
				""
			]
		},
		{
			"type": "bitmap",
			"ascent": 7,
			"file": "aofu.png",
			"chars": [
				""
			]
		},
		{
			"type": "bitmap",
			"ascent": 7,
			"file": "qpbp.png",
			"chars": [
				""
			]
		},
		{
			"type": "bitmap",
			"ascent": 7,
			"file": "stks.png",
			"chars": [
				""
			]
		},
		{
			"type": "bitmap",
			"ascent": 7,
			"file": "gfur.png",
			"chars": [
				""
			]
		},
		{
			"type": "bitmap",
			"ascent": -27,
			"height": 7,
			"file": "grtz.png",
			"chars": [
				""
			]
		},
		{
			"type": "bitmap",
			"ascent": -27,
			"height": 7,
			"file": "tdjw.png",
			"chars": [
				""
			]
		},
		{
			"type": "bitmap",
			"ascent": -27,
			"height": 7,
			"file": "ping.png",
			"chars": [
				""
			]
		},
		{
			"type": "bitmap",
			"ascent": -27,
			"height": 7,
			"file": "zgeh.png",
			"chars": [
				""
			]
		},
		{
			"type": "bitmap",
			"ascent": -27,
			"height": 7,
			"file": "dwiv.png",
			"chars": [
				""
			]
		},
		{
			"type": "bitmap",
			"ascent": -27,
			"height": 7,
			"file": "gfrb.png",
			"chars": [
				""
			]
		},
		{
			"type": "bitmap",
			"ascent": -27,
			"height": 7,
			"file": "acln.png",
			"chars": [
				""
			]
		},
		{
			"type": "bitmap",
			"ascent": -27,
			"height": 7,
			"file": "qtgt.png",
			"chars": [
				""
			]
		},
		{
			"type": "bitmap",
			"ascent": -27,
			"height": 7,
			"file": "hjnr.png",
			"chars": [
				""
			]
		},
		{
			"type": "bitmap",
			"ascent": 7,
			"file": "otev.png",
			"chars": [
				""
			]
		},
		{
			"type": "bitmap",
			"ascent": 7,
			"file": "jtpb.png",
			"chars": [
				""
			]
		},
		{
			"type": "bitmap",
			"ascent": 7,
			"file": "syxg.png",
			"chars": [
				""
			]
		},
		{
			"type": "bitmap",
			"ascent": 7,
			"file": "hmbp.png",
			"chars": [
				""
			]
		},
		{
			"type": "bitmap",
			"ascent": 7,
			"file": "smij.png",
			"chars": [
				""
			]
		},
		{
			"type": "bitmap",
			"ascent": 7,
			"file": "czxz.png",
			"chars": [
				""
			]
		},
		{
			"type": "bitmap",
			"ascent": 7,
			"file": "ztqt.png",
			"chars": [
				""
			]
		},
		{
			"type": "bitmap",
			"ascent": 7,
			"file": "svih.png",
			"chars": [
				""
			]
		},
		{
			"type": "bitmap",
			"ascent": 7,
			"file": "cnid.png",
			"chars": [
				""
			]
		},
		{
			"type": "bitmap",
			"ascent": 7,
			"file": "xbfh.png",
			"chars": [
				""
			]
		},
		{
			"type": "bitmap",
			"ascent": 7,
			"file": "zsez.png",
			"chars": [
				""
			]
		},
		{
			"type": "bitmap",
			"ascent": 7,
			"file": "dxte.png",
			"chars": [
				""
			]
		},
		{
			"type": "bitmap",
			"ascent": 7,
			"file": "iecl.png",
			"chars": [
				""
			]
		},
		{
			"type": "bitmap",
			"ascent": 7,
			"file": "slvl.png",
			"chars": [
				""
			]
		},
		{
			"type": "bitmap",
			"ascent": 7,
			"file": "kltm.png",
			"chars": [
				""
			]
		},
		{
			"type": "bitmap",
			"ascent": 7,
			"file": "zjuf.png",
			"chars": [
				""
			]
		},
		{
			"type": "bitmap",
			"ascent": 7,
			"file": "sdua.png",
			"chars": [
				""
			]
		},
		{
			"type": "bitmap",
			"ascent": 7,
			"file": "ncgp.png",
			"chars": [
				""
			]
		},
		{
			"type": "bitmap",
			"ascent": 7,
			"file": "bwch.png",
			"chars": [
				""
			]
		},
		{
			"type": "bitmap",
			"ascent": 7,
			"file": "kqog.png",
			"chars": [
				""
			]
		},
		{
			"type": "bitmap",
			"ascent": 7,
			"file": "qozv.png",
			"chars": [
				""
			]
		},
		{
			"type": "bitmap",
			"ascent": 7,
			"file": "srfa.png",
			"chars": [
				""
			]
		},
		{
			"type": "bitmap",
			"ascent": 7,
			"file": "ujhr.png",
			"chars": [
				""
			]
		},
		{
			"type": "bitmap",
			"ascent": 7,
			"file": "wart.png",
			"chars": [
				""
			]
		},
		{
			"type": "bitmap",
			"ascent": 8,
			"height": 9,
			"file": "eypy.png",
			"chars": [
				""
			]
		},
		{
			"type": "bitmap",
			"ascent": 8,
			"height": 9,
			"file": "lhes.png",
			"chars": [
				""
			]
		},
		{
			"type": "bitmap",
			"ascent": 7,
			"file": "nhok.png",
			"chars": [
				""
			]
		},
		{
			"type": "bitmap",
			"ascent": 7,
			"file": "iwnq.png",
			"chars": [
				""
			]
		},
		{
			"type": "bitmap",
			"ascent": 7,
			"file": "linl.png",
			"chars": [
				""
			]
		},
		{
			"type": "bitmap",
			"ascent": 7,
			"file": "idaa.png",
			"chars": [
				""
			]
		},
		{
			"type": "bitmap",
			"ascent": 7,
			"file": "olbm.png",
			"chars": [
				""
			]
		},
		{
			"type": "bitmap",
			"ascent": 7,
			"file": "loaw.png",
			"chars": [
				""
			]
		},
		{
			"type": "bitmap",
			"ascent": 7,
			"file": "uymd.png",
			"chars": [
				""
			]
		},
		{
			"type": "bitmap",
			"ascent": 7,
			"file": "pyyo.png",
			"chars": [
				""
			]
		},
		{
			"type": "bitmap",
			"ascent": 7,
			"file": "cbsy.png",
			"chars": [
				""
			]
		},
		{
			"type": "bitmap",
			"ascent": 7,
			"file": "nxmd.png",
			"chars": [
				""
			]
		},
		{
			"type": "bitmap",
			"ascent": 7,
			"file": "pgwg.png",
			"chars": [
				""
			]
		},
		{
			"type": "bitmap",
			"ascent": 7,
			"file": "ogto.png",
			"chars": [
				""
			]
		},
		{
			"type": "bitmap",
			"ascent": 7,
			"file": "umhv.png",
			"chars": [
				""
			]
		},
		{
			"type": "bitmap",
			"ascent": 7,
			"file": "okmc.png",
			"chars": [
				""
			]
		},
		{
			"type": "bitmap",
			"ascent": 7,
			"file": "fhqq.png",
			"chars": [
				""
			]
		},
		{
			"type": "bitmap",
			"ascent": 7,
			"file": "bfds.png",
			"chars": [
				""
			]
		},
		{
			"type": "bitmap",
			"ascent": 19,
			"height": 32,
			"file": "bewd.png",
			"chars": [
				""
			]
		},
		{
			"type": "bitmap",
			"ascent": -13,
			"height": 16,
			"file": "rmmm.png",
			"chars": [
				""
			]
		},
		{
			"type": "bitmap",
			"ascent": -13,
			"height": 16,
			"file": "wibe.png",
			"chars": [
				""
			]
		},
		{
			"type": "bitmap",
			"ascent": -13,
			"height": 16,
			"file": "weop.png",
			"chars": [
				""
			]
		},
		{
			"type": "bitmap",
			"ascent": -13,
			"height": 16,
			"file": "tkxw.png",
			"chars": [
				""
			]
		},
		{
			"type": "bitmap",
			"ascent": -13,
			"height": 16,
			"file": "fvll.png",
			"chars": [
				""
			]
		},
		{
			"type": "bitmap",
			"ascent": -13,
			"height": 16,
			"file": "fbcu.png",
			"chars": [
				""
			]
		},
		{
			"type": "bitmap",
			"ascent": -13,
			"height": 16,
			"file": "dhtf.png",
			"chars": [
				""
			]
		},
		{
			"type": "bitmap",
			"ascent": -13,
			"height": 16,
			"file": "xcft.png",
			"chars": [
				""
			]
		},
		{
			"type": "bitmap",
			"ascent": -13,
			"height": 16,
			"file": "aauj.png",
			"chars": [
				""
			]
		},
		{
			"type": "bitmap",
			"ascent": -13,
			"height": 16,
			"file": "eowl.png",
			"chars": [
				""
			]
		},
		{
			"type": "bitmap",
			"ascent": 7,
			"file": "ytph.png",
			"chars": [
				""
			]
		},
		{
			"type": "bitmap",
			"ascent": 1200,
			"height": 2000,
			"file": "ntow.png",
			"chars": [
				""
			]
		},
		{
			"type": "bitmap",
			"ascent": 1200,
			"height": 2000,
			"file": "gbqf.png",
			"chars": [
				""
			]
		},
		{
			"type": "bitmap",
			"ascent": 1200,
			"height": 2000,
			"file": "renz.png",
			"chars": [
				""
			]
		},
		{
			"type": "bitmap",
			"ascent": 1200,
			"height": 2000,
			"file": "skts.png",
			"chars": [
				""
			]
		},
		{
			"type": "bitmap",
			"ascent": 1200,
			"height": 2000,
			"file": "jltp.png",
			"chars": [
				""
			]
		},
		{
			"type": "bitmap",
			"ascent": 7,
			"file": "ukkb.png",
			"chars": [
				""
			]
		},
		{
			"type": "bitmap",
			"ascent": 1200,
			"height": 2000,
			"file": "hybo.png",
			"chars": [
				""
			]
		},
		{
			"type": "bitmap",
			"ascent": 1200,
			"height": 2000,
			"file": "xdrt.png",
			"chars": [
				""
			]
		},
		{
			"type": "bitmap",
			"ascent": 1200,
			"height": 2000,
			"file": "hxdy.png",
			"chars": [
				""
			]
		},
		{
			"type": "bitmap",
			"ascent": 1200,
			"height": 2000,
			"file": "frcu.png",
			"chars": [
				""
			]
		},
		{
			"type": "bitmap",
			"ascent": 1200,
			"height": 2000,
			"file": "gxip.png",
			"chars": [
				""
			]
		},
		{
			"type": "bitmap",
			"ascent": -13,
			"height": 16,
			"file": "nbpr.png",
			"chars": [
				""
			]
		},
		{
			"type": "bitmap",
			"ascent": 7,
			"file": "odfy.png",
			"chars": [
				""
			]
		},
		{
			"type": "bitmap",
			"ascent": 7,
			"file": "xnjb.png",
			"chars": [
				""
			]
		},
		{
			"type": "bitmap",
			"ascent": 7,
			"file": "cxvp.png",
			"chars": [
				""
			]
		},
		{
			"type": "bitmap",
			"ascent": 7,
			"file": "cimg.png",
			"chars": [
				""
			]
		},
		{
			"type": "bitmap",
			"ascent": 7,
			"file": "pncx.png",
			"chars": [
				""
			]
		},
		{
			"type": "bitmap",
			"ascent": 8,
			"height": 12,
			"file": "item/compass_00.png",
			"chars": [
				""
			]
		},
		{
			"type": "bitmap",
			"ascent": 8,
			"height": 12,
			"file": "item/compass_01.png",
			"chars": [
				""
			]
		},
		{
			"type": "bitmap",
			"ascent": 8,
			"height": 12,
			"file": "item/compass_02.png",
			"chars": [
				""
			]
		},
		{
			"type": "bitmap",
			"ascent": 8,
			"height": 12,
			"file": "item/compass_03.png",
			"chars": [
				""
			]
		},
		{
			"type": "bitmap",
			"ascent": 8,
			"height": 12,
			"file": "item/compass_04.png",
			"chars": [
				""
			]
		},
		{
			"type": "bitmap",
			"ascent": 8,
			"height": 12,
			"file": "item/compass_05.png",
			"chars": [
				""
			]
		},
		{
			"type": "bitmap",
			"ascent": 8,
			"height": 12,
			"file": "item/compass_06.png",
			"chars": [
				""
			]
		},
		{
			"type": "bitmap",
			"ascent": 8,
			"height": 12,
			"file": "item/compass_07.png",
			"chars": [
				""
			]
		},
		{
			"type": "bitmap",
			"ascent": 8,
			"height": 12,
			"file": "item/compass_08.png",
			"chars": [
				""
			]
		},
		{
			"type": "bitmap",
			"ascent": 8,
			"height": 12,
			"file": "item/compass_09.png",
			"chars": [
				""
			]
		},
		{
			"type": "bitmap",
			"ascent": 8,
			"height": 12,
			"file": "item/compass_10.png",
			"chars": [
				""
			]
		},
		{
			"type": "bitmap",
			"ascent": 8,
			"height": 12,
			"file": "item/compass_11.png",
			"chars": [
				""
			]
		},
		{
			"type": "bitmap",
			"ascent": 8,
			"height": 12,
			"file": "item/compass_12.png",
			"chars": [
				""
			]
		},
		{
			"type": "bitmap",
			"ascent": 8,
			"height": 12,
			"file": "item/compass_13.png",
			"chars": [
				""
			]
		},
		{
			"type": "bitmap",
			"ascent": 8,
			"height": 12,
			"file": "item/compass_14.png",
			"chars": [
				""
			]
		},
		{
			"type": "bitmap",
			"ascent": 8,
			"height": 12,
			"file": "item/compass_15.png",
			"chars": [
				""
			]
		},
		{
			"type": "bitmap",
			"ascent": 8,
			"height": 12,
			"file": "item/compass_16.png",
			"chars": [
				""
			]
		},
		{
			"type": "bitmap",
			"ascent": 8,
			"height": 12,
			"file": "item/compass_17.png",
			"chars": [
				""
			]
		},
		{
			"type": "bitmap",
			"ascent": 8,
			"height": 12,
			"file": "item/compass_18.png",
			"chars": [
				""
			]
		},
		{
			"type": "bitmap",
			"ascent": 8,
			"height": 12,
			"file": "item/compass_19.png",
			"chars": [
				""
			]
		},
		{
			"type": "bitmap",
			"ascent": 8,
			"height": 12,
			"file": "item/compass_20.png",
			"chars": [
				""
			]
		},
		{
			"type": "bitmap",
			"ascent": 8,
			"height": 12,
			"file": "item/compass_21.png",
			"chars": [
				""
			]
		},
		{
			"type": "bitmap",
			"ascent": 8,
			"height": 12,
			"file": "item/compass_22.png",
			"chars": [
				""
			]
		},
		{
			"type": "bitmap",
			"ascent": 8,
			"height": 12,
			"file": "item/compass_23.png",
			"chars": [
				""
			]
		},
		{
			"type": "bitmap",
			"ascent": 8,
			"height": 12,
			"file": "item/compass_24.png",
			"chars": [
				""
			]
		},
		{
			"type": "bitmap",
			"ascent": 8,
			"height": 12,
			"file": "item/compass_25.png",
			"chars": [
				""
			]
		},
		{
			"type": "bitmap",
			"ascent": 8,
			"height": 12,
			"file": "item/compass_26.png",
			"chars": [
				""
			]
		},
		{
			"type": "bitmap",
			"ascent": 8,
			"height": 12,
			"file": "item/compass_27.png",
			"chars": [
				""
			]
		},
		{
			"type": "bitmap",
			"ascent": 8,
			"height": 12,
			"file": "item/compass_28.png",
			"chars": [
				""
			]
		},
		{
			"type": "bitmap",
			"ascent": 8,
			"height": 12,
			"file": "item/compass_29.png",
			"chars": [
				""
			]
		},
		{
			"type": "bitmap",
			"ascent": 8,
			"height": 12,
			"file": "item/compass_30.png",
			"chars": [
				""
			]
		},
		{
			"type": "bitmap",
			"ascent": 8,
			"height": 12,
			"file": "item/compass_31.png",
			"chars": [
				""
			]
		},
		{
			"type": "bitmap",
			"ascent": 8,
			"height": 12,
			"file": "item/clock_00.png",
			"chars": [
				""
			]
		},
		{
			"type": "bitmap",
			"ascent": 8,
			"height": 12,
			"file": "item/clock_01.png",
			"chars": [
				""
			]
		},
		{
			"type": "bitmap",
			"ascent": 8,
			"height": 12,
			"file": "item/clock_02.png",
			"chars": [
				""
			]
		},
		{
			"type": "bitmap",
			"ascent": 8,
			"height": 12,
			"file": "item/clock_03.png",
			"chars": [
				""
			]
		},
		{
			"type": "bitmap",
			"ascent": 8,
			"height": 12,
			"file": "item/clock_04.png",
			"chars": [
				""
			]
		},
		{
			"type": "bitmap",
			"ascent": 8,
			"height": 12,
			"file": "item/clock_05.png",
			"chars": [
				""
			]
		},
		{
			"type": "bitmap",
			"ascent": 8,
			"height": 12,
			"file": "item/clock_06.png",
			"chars": [
				""
			]
		},
		{
			"type": "bitmap",
			"ascent": 8,
			"height": 12,
			"file": "item/clock_07.png",
			"chars": [
				""
			]
		},
		{
			"type": "bitmap",
			"ascent": 8,
			"height": 12,
			"file": "item/clock_08.png",
			"chars": [
				""
			]
		},
		{
			"type": "bitmap",
			"ascent": 8,
			"height": 12,
			"file": "item/clock_09.png",
			"chars": [
				""
			]
		},
		{
			"type": "bitmap",
			"ascent": 8,
			"height": 12,
			"file": "item/clock_10.png",
			"chars": [
				""
			]
		},
		{
			"type": "bitmap",
			"ascent": 8,
			"height": 12,
			"file": "item/clock_11.png",
			"chars": [
				""
			]
		},
		{
			"type": "bitmap",
			"ascent": 8,
			"height": 12,
			"file": "item/clock_12.png",
			"chars": [
				""
			]
		},
		{
			"type": "bitmap",
			"ascent": 8,
			"height": 12,
			"file": "item/clock_13.png",
			"chars": [
				""
			]
		},
		{
			"type": "bitmap",
			"ascent": 8,
			"height": 12,
			"file": "item/clock_14.png",
			"chars": [
				""
			]
		},
		{
			"type": "bitmap",
			"ascent": 8,
			"height": 12,
			"file": "item/clock_15.png",
			"chars": [
				""
			]
		},
		{
			"type": "bitmap",
			"ascent": 8,
			"height": 12,
			"file": "item/clock_16.png",
			"chars": [
				""
			]
		},
		{
			"type": "bitmap",
			"ascent": 8,
			"height": 12,
			"file": "item/clock_17.png",
			"chars": [
				""
			]
		},
		{
			"type": "bitmap",
			"ascent": 8,
			"height": 12,
			"file": "item/clock_18.png",
			"chars": [
				""
			]
		},
		{
			"type": "bitmap",
			"ascent": 8,
			"height": 12,
			"file": "item/clock_19.png",
			"chars": [
				""
			]
		},
		{
			"type": "bitmap",
			"ascent": 8,
			"height": 12,
			"file": "item/clock_20.png",
			"chars": [
				""
			]
		},
		{
			"type": "bitmap",
			"ascent": 8,
			"height": 12,
			"file": "item/clock_21.png",
			"chars": [
				""
			]
		},
		{
			"type": "bitmap",
			"ascent": 8,
			"height": 12,
			"file": "item/clock_22.png",
			"chars": [
				""
			]
		},
		{
			"type": "bitmap",
			"ascent": 8,
			"height": 12,
			"file": "item/clock_23.png",
			"chars": [
				""
			]
		},
		{
			"type": "bitmap",
			"ascent": 8,
			"height": 12,
			"file": "item/clock_24.png",
			"chars": [
				""
			]
		},
		{
			"type": "bitmap",
			"ascent": 8,
			"height": 12,
			"file": "item/clock_25.png",
			"chars": [
				""
			]
		},
		{
			"type": "bitmap",
			"ascent": 8,
			"height": 12,
			"file": "item/clock_26.png",
			"chars": [
				""
			]
		},
		{
			"type": "bitmap",
			"ascent": 8,
			"height": 12,
			"file": "item/clock_27.png",
			"chars": [
				""
			]
		},
		{
			"type": "bitmap",
			"ascent": 8,
			"height": 12,
			"file": "item/clock_28.png",
			"chars": [
				""
			]
		},
		{
			"type": "bitmap",
			"ascent": 8,
			"height": 12,
			"file": "item/clock_29.png",
			"chars": [
				""
			]
		},
		{
			"type": "bitmap",
			"ascent": 8,
			"height": 12,
			"file": "item/clock_30.png",
			"chars": [
				""
			]
		},
		{
			"type": "bitmap",
			"ascent": 8,
			"height": 12,
			"file": "item/clock_31.png",
			"chars": [
				""
			]
		},
		{
			"type": "bitmap",
			"ascent": 8,
			"height": 12,
			"file": "item/clock_32.png",
			"chars": [
				""
			]
		},
		{
			"type": "bitmap",
			"ascent": 8,
			"height": 12,
			"file": "item/clock_33.png",
			"chars": [
				""
			]
		},
		{
			"type": "bitmap",
			"ascent": 8,
			"height": 12,
			"file": "item/clock_34.png",
			"chars": [
				""
			]
		},
		{
			"type": "bitmap",
			"ascent": 8,
			"height": 12,
			"file": "item/clock_35.png",
			"chars": [
				""
			]
		},
		{
			"type": "bitmap",
			"ascent": 8,
			"height": 12,
			"file": "item/clock_36.png",
			"chars": [
				""
			]
		},
		{
			"type": "bitmap",
			"ascent": 8,
			"height": 12,
			"file": "item/clock_37.png",
			"chars": [
				""
			]
		},
		{
			"type": "bitmap",
			"ascent": 8,
			"height": 12,
			"file": "item/clock_38.png",
			"chars": [
				""
			]
		},
		{
			"type": "bitmap",
			"ascent": 8,
			"height": 12,
			"file": "item/clock_39.png",
			"chars": [
				""
			]
		},
		{
			"type": "bitmap",
			"ascent": 8,
			"height": 12,
			"file": "item/clock_40.png",
			"chars": [
				""
			]
		},
		{
			"type": "bitmap",
			"ascent": 8,
			"height": 12,
			"file": "item/clock_41.png",
			"chars": [
				""
			]
		},
		{
			"type": "bitmap",
			"ascent": 8,
			"height": 12,
			"file": "item/clock_42.png",
			"chars": [
				""
			]
		},
		{
			"type": "bitmap",
			"ascent": 8,
			"height": 12,
			"file": "item/clock_43.png",
			"chars": [
				""
			]
		},
		{
			"type": "bitmap",
			"ascent": 8,
			"height": 12,
			"file": "item/clock_44.png",
			"chars": [
				""
			]
		},
		{
			"type": "bitmap",
			"ascent": 8,
			"height": 12,
			"file": "item/clock_45.png",
			"chars": [
				""
			]
		},
		{
			"type": "bitmap",
			"ascent": 8,
			"height": 12,
			"file": "item/clock_46.png",
			"chars": [
				""
			]
		},
		{
			"type": "bitmap",
			"ascent": 8,
			"height": 12,
			"file": "item/clock_47.png",
			"chars": [
				""
			]
		},
		{
			"type": "bitmap",
			"ascent": 8,
			"height": 12,
			"file": "item/clock_48.png",
			"chars": [
				""
			]
		},
		{
			"type": "bitmap",
			"ascent": 8,
			"height": 12,
			"file": "item/clock_49.png",
			"chars": [
				""
			]
		},
		{
			"type": "bitmap",
			"ascent": 8,
			"height": 12,
			"file": "item/clock_50.png",
			"chars": [
				""
			]
		},
		{
			"type": "bitmap",
			"ascent": 8,
			"height": 12,
			"file": "item/clock_51.png",
			"chars": [
				""
			]
		},
		{
			"type": "bitmap",
			"ascent": 8,
			"height": 12,
			"file": "item/clock_52.png",
			"chars": [
				""
			]
		},
		{
			"type": "bitmap",
			"ascent": 8,
			"height": 12,
			"file": "item/clock_53.png",
			"chars": [
				""
			]
		},
		{
			"type": "bitmap",
			"ascent": 8,
			"height": 12,
			"file": "item/clock_54.png",
			"chars": [
				""
			]
		},
		{
			"type": "bitmap",
			"ascent": 8,
			"height": 12,
			"file": "item/clock_55.png",
			"chars": [
				""
			]
		},
		{
			"type": "bitmap",
			"ascent": 8,
			"height": 12,
			"file": "item/clock_56.png",
			"chars": [
				""
			]
		},
		{
			"type": "bitmap",
			"ascent": 8,
			"height": 12,
			"file": "item/clock_57.png",
			"chars": [
				""
			]
		},
		{
			"type": "bitmap",
			"ascent": 8,
			"height": 12,
			"file": "item/clock_58.png",
			"chars": [
				""
			]
		},
		{
			"type": "bitmap",
			"ascent": 8,
			"height": 12,
			"file": "item/clock_59.png",
			"chars": [
				""
			]
		},
		{
			"type": "bitmap",
			"ascent": 8,
			"height": 12,
			"file": "item/clock_60.png",
			"chars": [
				""
			]
		},
		{
			"type": "bitmap",
			"ascent": 8,
			"height": 12,
			"file": "item/clock_61.png",
			"chars": [
				""
			]
		},
		{
			"type": "bitmap",
			"ascent": 8,
			"height": 12,
			"file": "item/clock_62.png",
			"chars": [
				""
			]
		},
		{
			"type": "bitmap",
			"ascent": 8,
			"height": 12,
			"file": "item/clock_63.png",
			"chars": [
				""
			]
		},
		{
			"type": "bitmap",
			"ascent": 7,
			"file": "item/totem_of_undying.png",
			"chars": [
				""
			]
		},
		{
			"type": "bitmap",
			"ascent": 7,
			"file": "item/oak_boat.png",
			"chars": [
				""
			]
		},
		{
			"type": "bitmap",
			"ascent": 7,
			"file": "item/minecart.png",
			"chars": [
				""
			]
		},
		{
			"type": "bitmap",
			"ascent": 7,
			"file": "item/clock_00.png",
			"chars": [
				""
			]
		},
		{
			"type": "bitmap",
			"ascent": 7,
			"file": "item/compass_31.png",
			"chars": [
				""
			]
		},
		{
			"type": "bitmap",
			"ascent": 7,
			"file": "item/elytra.png",
			"chars": [
				""
			]
		},
		{
			"type": "bitmap",
			"ascent": 7,
			"file": "item/turtle_egg.png",
			"chars": [
				""
			]
		},
		{
			"type": "bitmap",
			"ascent": 7,
			"file": "item/wooden_sword.png",
			"chars": [
				""
			]
		},
		{
			"type": "bitmap",
			"ascent": 7,
			"file": "item/stone_axe.png",
			"chars": [
				""
			]
		},
		{
			"type": "bitmap",
			"ascent": 7,
			"file": "item/golden_axe.png",
			"chars": [
				""
			]
		},
		{
			"type": "bitmap",
			"ascent": 7,
			"file": "item/bow.png",
			"chars": [
				""
			]
		},
		{
			"type": "bitmap",
			"ascent": 7,
			"file": "item/arrow.png",
			"chars": [
				""
			]
		},
		{
			"type": "bitmap",
			"ascent": 7,
			"file": "item/crossbow_standby.png",
			"chars": [
				""
			]
		},
		{
			"type": "bitmap",
			"ascent": 7,
			"file": "item/stone_shovel.png",
			"chars": [
				""
			]
		},
		{
			"type": "bitmap",
			"ascent": 7,
			"file": "item/golden_shovel.png",
			"chars": [
				""
			]
		},
		{
			"type": "bitmap",
			"ascent": 7,
			"file": "item/stone_hoe.png",
			"chars": [
				""
			]
		},
		{
			"type": "bitmap",
			"ascent": 7,
			"file": "item/golden_hoe.png",
			"chars": [
				""
			]
		},
		{
			"type": "bitmap",
			"ascent": 7,
			"file": "item/stone_pickaxe.png",
			"chars": [
				""
			]
		},
		{
			"type": "bitmap",
			"ascent": 7,
			"file": "item/golden_pickaxe.png",
			"chars": [
				""
			]
		},
		{
			"type": "bitmap",
			"ascent": 7,
			"file": "item/shears.png",
			"chars": [
				""
			]
		},
		{
			"type": "bitmap",
			"ascent": 7,
			"file": "item/stone_sword.png",
			"chars": [
				""
			]
		},
		{
			"type": "bitmap",
			"ascent": 7,
			"file": "item/structure_void.png",
			"chars": [
				""
			]
		},
		{
			"type": "bitmap",
			"ascent": 7,
			"file": "item/flint_and_steel.png",
			"chars": [
				""
			]
		},
		{
			"type": "bitmap",
			"ascent": 7,
			"file": "item/golden_sword.png",
			"chars": [
				""
			]
		},
		{
			"type": "bitmap",
			"ascent": 7,
			"file": "item/potion.png",
			"chars": [
				""
			]
		},
		{
			"type": "bitmap",
			"ascent": 7,
			"file": "item/fishing_rod.png",
			"chars": [
				""
			]
		},
		{
			"type": "bitmap",
			"ascent": 7,
			"file": "item/milk_bucket.png",
			"chars": [
				""
			]
		},
		{
			"type": "bitmap",
			"ascent": 7,
			"file": "item/apple.png",
			"chars": [
				""
			]
		},
		{
			"type": "bitmap",
			"ascent": 7,
			"file": "item/wheat.png",
			"chars": [
				""
			]
		},
		{
			"type": "bitmap",
			"ascent": 7,
			"file": "item/cooked_beef.png",
			"chars": [
				""
			]
		},
		{
			"type": "bitmap",
			"ascent": 7,
			"file": "item/carrot.png",
			"chars": [
				""
			]
		},
		{
			"type": "bitmap",
			"ascent": 7,
			"file": "item/rotten_flesh.png",
			"chars": [
				""
			]
		},
		{
			"type": "bitmap",
			"ascent": 7,
			"file": "item/beetroot_soup.png",
			"chars": [
				""
			]
		},
		{
			"type": "bitmap",
			"ascent": 7,
			"file": "item/redstone.png",
			"chars": [
				""
			]
		},
		{
			"type": "bitmap",
			"ascent": 7,
			"file": "item/glowstone_dust.png",
			"chars": [
				""
			]
		},
		{
			"type": "bitmap",
			"ascent": 7,
			"file": "block/torch.png",
			"chars": [
				""
			]
		},
		{
			"type": "bitmap",
			"ascent": 7,
			"file": "block/soul_torch.png",
			"chars": [
				""
			]
		},
		{
			"type": "bitmap",
			"ascent": 7,
			"file": "mob_effect/mining_fatigue.png",
			"chars": [
				""
			]
		},
		{
			"type": "bitmap",
			"ascent": 7,
			"file": "mob_effect/night_vision.png",
			"chars": [
				""
			]
		},
		{
			"type": "bitmap",
			"ascent": 7,
			"file": "mob_effect/jump_boost.png",
			"chars": [
				""
			]
		}
	]
}
