{
	"providers": [
		{
			"type": "bitmap",
			"ascent": 7,
			"file": "lsdz.png",
			"chars": [
				""
			]
		},
		{
			"type": "bitmap",
			"ascent": 7,
			"file": "gxyk.png",
			"chars": [
				""
			]
		},
		{
			"type": "bitmap",
			"ascent": 7,
			"file": "zcri.png",
			"chars": [
				""
			]
		},
		{
			"type": "bitmap",
			"ascent": 7,
			"file": "vwaj.png",
			"chars": [
				""
			]
		},
		{
			"type": "bitmap",
			"ascent": 7,
			"file": "vivl.png",
			"chars": [
				""
			]
		},
		{
			"type": "bitmap",
			"ascent": 7,
			"file": "pkvp.png",
			"chars": [
				""
			]
		},
		{
			"type": "bitmap",
			"ascent": 7,
			"file": "metz.png",
			"chars": [
				""
			]
		},
		{
			"type": "bitmap",
			"ascent": 7,
			"file": "asvr.png",
			"chars": [
				""
			]
		},
		{
			"type": "bitmap",
			"ascent": 7,
			"file": "xtgf.png",
			"chars": [
				""
			]
		},
		{
			"type": "bitmap",
			"ascent": 7,
			"file": "morb.png",
			"chars": [
				""
			]
		},
		{
			"type": "bitmap",
			"ascent": 7,
			"file": "mhge.png",
			"chars": [
				""
			]
		},
		{
			"type": "bitmap",
			"ascent": 7,
			"file": "kmzz.png",
			"chars": [
				""
			]
		},
		{
			"type": "bitmap",
			"ascent": 7,
			"file": "mwfh.png",
			"chars": [
				""
			]
		},
		{
			"type": "bitmap",
			"ascent": 7,
			"file": "rwdi.png",
			"chars": [
				""
			]
		},
		{
			"type": "bitmap",
			"ascent": -27,
			"height": 7,
			"file": "wsrs.png",
			"chars": [
				""
			]
		},
		{
			"type": "bitmap",
			"ascent": -27,
			"height": 7,
			"file": "iogf.png",
			"chars": [
				""
			]
		},
		{
			"type": "bitmap",
			"ascent": -27,
			"height": 7,
			"file": "rwet.png",
			"chars": [
				""
			]
		},
		{
			"type": "bitmap",
			"ascent": -27,
			"height": 7,
			"file": "vcjl.png",
			"chars": [
				""
			]
		},
		{
			"type": "bitmap",
			"ascent": -27,
			"height": 7,
			"file": "gyxt.png",
			"chars": [
				""
			]
		},
		{
			"type": "bitmap",
			"ascent": -27,
			"height": 7,
			"file": "fbhl.png",
			"chars": [
				""
			]
		},
		{
			"type": "bitmap",
			"ascent": -27,
			"height": 7,
			"file": "rbew.png",
			"chars": [
				""
			]
		},
		{
			"type": "bitmap",
			"ascent": -27,
			"height": 7,
			"file": "nynp.png",
			"chars": [
				""
			]
		},
		{
			"type": "bitmap",
			"ascent": -27,
			"height": 7,
			"file": "zcrh.png",
			"chars": [
				""
			]
		},
		{
			"type": "bitmap",
			"ascent": 7,
			"file": "uwum.png",
			"chars": [
				""
			]
		},
		{
			"type": "bitmap",
			"ascent": 7,
			"file": "ksao.png",
			"chars": [
				""
			]
		},
		{
			"type": "bitmap",
			"ascent": 7,
			"file": "sqfh.png",
			"chars": [
				""
			]
		},
		{
			"type": "bitmap",
			"ascent": 7,
			"file": "qcou.png",
			"chars": [
				""
			]
		},
		{
			"type": "bitmap",
			"ascent": 7,
			"file": "uhzw.png",
			"chars": [
				""
			]
		},
		{
			"type": "bitmap",
			"ascent": 7,
			"file": "sqym.png",
			"chars": [
				""
			]
		},
		{
			"type": "bitmap",
			"ascent": 7,
			"file": "empi.png",
			"chars": [
				""
			]
		},
		{
			"type": "bitmap",
			"ascent": 7,
			"file": "ysaf.png",
			"chars": [
				""
			]
		},
		{
			"type": "bitmap",
			"ascent": 7,
			"file": "hwja.png",
			"chars": [
				""
			]
		},
		{
			"type": "bitmap",
			"ascent": 7,
			"file": "zszs.png",
			"chars": [
				""
			]
		},
		{
			"type": "bitmap",
			"ascent": 7,
			"file": "xcet.png",
			"chars": [
				""
			]
		},
		{
			"type": "bitmap",
			"ascent": 7,
			"file": "zhow.png",
			"chars": [
				""
			]
		},
		{
			"type": "bitmap",
			"ascent": 7,
			"file": "sdzo.png",
			"chars": [
				""
			]
		},
		{
			"type": "bitmap",
			"ascent": 7,
			"file": "lyyj.png",
			"chars": [
				""
			]
		},
		{
			"type": "bitmap",
			"ascent": 7,
			"file": "peov.png",
			"chars": [
				""
			]
		},
		{
			"type": "bitmap",
			"ascent": 7,
			"file": "fcsg.png",
			"chars": [
				""
			]
		},
		{
			"type": "bitmap",
			"ascent": 7,
			"file": "nhbv.png",
			"chars": [
				""
			]
		},
		{
			"type": "bitmap",
			"ascent": 7,
			"file": "iahw.png",
			"chars": [
				""
			]
		},
		{
			"type": "bitmap",
			"ascent": 7,
			"file": "fskh.png",
			"chars": [
				""
			]
		},
		{
			"type": "bitmap",
			"ascent": 7,
			"file": "xvxo.png",
			"chars": [
				""
			]
		},
		{
			"type": "bitmap",
			"ascent": 7,
			"file": "votv.png",
			"chars": [
				""
			]
		},
		{
			"type": "bitmap",
			"ascent": 7,
			"file": "guwe.png",
			"chars": [
				""
			]
		},
		{
			"type": "bitmap",
			"ascent": 7,
			"file": "oeqr.png",
			"chars": [
				""
			]
		},
		{
			"type": "bitmap",
			"ascent": 7,
			"file": "kals.png",
			"chars": [
				""
			]
		},
		{
			"type": "bitmap",
			"ascent": 8,
			"height": 9,
			"file": "pdbd.png",
			"chars": [
				""
			]
		},
		{
			"type": "bitmap",
			"ascent": 8,
			"height": 9,
			"file": "pfwt.png",
			"chars": [
				""
			]
		},
		{
			"type": "bitmap",
			"ascent": 7,
			"file": "pnfu.png",
			"chars": [
				""
			]
		},
		{
			"type": "bitmap",
			"ascent": 7,
			"file": "rteg.png",
			"chars": [
				""
			]
		},
		{
			"type": "bitmap",
			"ascent": 7,
			"file": "pmtx.png",
			"chars": [
				""
			]
		},
		{
			"type": "bitmap",
			"ascent": 7,
			"file": "fdyh.png",
			"chars": [
				""
			]
		},
		{
			"type": "bitmap",
			"ascent": 7,
			"file": "mkgu.png",
			"chars": [
				""
			]
		},
		{
			"type": "bitmap",
			"ascent": 7,
			"file": "hdkt.png",
			"chars": [
				""
			]
		},
		{
			"type": "bitmap",
			"ascent": 7,
			"file": "lpnw.png",
			"chars": [
				""
			]
		},
		{
			"type": "bitmap",
			"ascent": 7,
			"file": "zgpi.png",
			"chars": [
				""
			]
		},
		{
			"type": "bitmap",
			"ascent": 7,
			"file": "evuu.png",
			"chars": [
				""
			]
		},
		{
			"type": "bitmap",
			"ascent": 7,
			"file": "eftf.png",
			"chars": [
				""
			]
		},
		{
			"type": "bitmap",
			"ascent": 7,
			"file": "beij.png",
			"chars": [
				""
			]
		},
		{
			"type": "bitmap",
			"ascent": 7,
			"file": "ezbu.png",
			"chars": [
				""
			]
		},
		{
			"type": "bitmap",
			"ascent": 7,
			"file": "zhoy.png",
			"chars": [
				""
			]
		},
		{
			"type": "bitmap",
			"ascent": 7,
			"file": "oasz.png",
			"chars": [
				""
			]
		},
		{
			"type": "bitmap",
			"ascent": 7,
			"file": "muvf.png",
			"chars": [
				""
			]
		},
		{
			"type": "bitmap",
			"ascent": 7,
			"file": "dsxz.png",
			"chars": [
				""
			]
		},
		{
			"type": "bitmap",
			"ascent": 19,
			"height": 32,
			"file": "foct.png",
			"chars": [
				""
			]
		},
		{
			"type": "bitmap",
			"ascent": 0,
			"height": 8,
			"file": "ocbu.png",
			"chars": [
				""
			]
		},
		{
			"type": "bitmap",
			"ascent": 1,
			"height": 8,
			"file": "ocbu.png",
			"chars": [
				""
			]
		},
		{
			"type": "bitmap",
			"ascent": 2,
			"height": 8,
			"file": "ocbu.png",
			"chars": [
				""
			]
		},
		{
			"type": "bitmap",
			"ascent": 3,
			"height": 8,
			"file": "ocbu.png",
			"chars": [
				""
			]
		},
		{
			"type": "bitmap",
			"ascent": 4,
			"height": 8,
			"file": "ocbu.png",
			"chars": [
				""
			]
		},
		{
			"type": "bitmap",
			"ascent": 5,
			"height": 8,
			"file": "ocbu.png",
			"chars": [
				""
			]
		},
		{
			"type": "bitmap",
			"ascent": 6,
			"height": 8,
			"file": "ocbu.png",
			"chars": [
				""
			]
		},
		{
			"type": "bitmap",
			"ascent": 7,
			"height": 8,
			"file": "ocbu.png",
			"chars": [
				""
			]
		},
		{
			"type": "bitmap",
			"ascent": -13,
			"height": 16,
			"file": "qepu.png",
			"chars": [
				""
			]
		},
		{
			"type": "bitmap",
			"ascent": -13,
			"height": 16,
			"file": "zdwv.png",
			"chars": [
				""
			]
		},
		{
			"type": "bitmap",
			"ascent": -13,
			"height": 16,
			"file": "qjcv.png",
			"chars": [
				""
			]
		},
		{
			"type": "bitmap",
			"ascent": -13,
			"height": 16,
			"file": "lbxg.png",
			"chars": [
				""
			]
		},
		{
			"type": "bitmap",
			"ascent": -13,
			"height": 16,
			"file": "evie.png",
			"chars": [
				""
			]
		},
		{
			"type": "bitmap",
			"ascent": -13,
			"height": 16,
			"file": "likt.png",
			"chars": [
				""
			]
		},
		{
			"type": "bitmap",
			"ascent": -13,
			"height": 16,
			"file": "daxa.png",
			"chars": [
				""
			]
		},
		{
			"type": "bitmap",
			"ascent": -13,
			"height": 16,
			"file": "tsvp.png",
			"chars": [
				""
			]
		},
		{
			"type": "bitmap",
			"ascent": -13,
			"height": 16,
			"file": "jpyr.png",
			"chars": [
				""
			]
		},
		{
			"type": "bitmap",
			"ascent": -13,
			"height": 16,
			"file": "lrhd.png",
			"chars": [
				""
			]
		},
		{
			"type": "bitmap",
			"ascent": -13,
			"height": 16,
			"file": "rwzs.png",
			"chars": [
				""
			]
		},
		{
			"type": "bitmap",
			"ascent": -15,
			"height": 16,
			"file": "rwzs.png",
			"chars": [
				""
			]
		},
		{
			"type": "bitmap",
			"ascent": 1200,
			"height": 2000,
			"file": "ywko.png",
			"chars": [
				""
			]
		},
		{
			"type": "bitmap",
			"ascent": 1200,
			"height": 2000,
			"file": "uhmu.png",
			"chars": [
				""
			]
		},
		{
			"type": "bitmap",
			"ascent": 1200,
			"height": 2000,
			"file": "dkix.png",
			"chars": [
				""
			]
		},
		{
			"type": "bitmap",
			"ascent": 1200,
			"height": 2000,
			"file": "hjfj.png",
			"chars": [
				""
			]
		},
		{
			"type": "bitmap",
			"ascent": 1200,
			"height": 2000,
			"file": "ostn.png",
			"chars": [
				""
			]
		},
		{
			"type": "bitmap",
			"ascent": -13,
			"height": 16,
			"file": "dhmg.png",
			"chars": [
				""
			]
		},
		{
			"type": "bitmap",
			"ascent": -15,
			"height": 16,
			"file": "dhmg.png",
			"chars": [
				""
			]
		},
		{
			"type": "bitmap",
			"ascent": 1200,
			"height": 2000,
			"file": "txpv.png",
			"chars": [
				""
			]
		},
		{
			"type": "bitmap",
			"ascent": 1200,
			"height": 2000,
			"file": "pmpp.png",
			"chars": [
				""
			]
		},
		{
			"type": "bitmap",
			"ascent": 1200,
			"height": 2000,
			"file": "fcot.png",
			"chars": [
				""
			]
		},
		{
			"type": "bitmap",
			"ascent": 1200,
			"height": 2000,
			"file": "kotx.png",
			"chars": [
				""
			]
		},
		{
			"type": "bitmap",
			"ascent": 1200,
			"height": 2000,
			"file": "hzrx.png",
			"chars": [
				""
			]
		},
		{
			"type": "bitmap",
			"ascent": -13,
			"height": 16,
			"file": "vveu.png",
			"chars": [
				""
			]
		},
		{
			"type": "bitmap",
			"ascent": -16,
			"height": 9,
			"file": "sfsn.png",
			"chars": [
				""
			]
		},
		{
			"type": "bitmap",
			"ascent": -6,
			"height": 9,
			"file": "sfsn.png",
			"chars": [
				""
			]
		},
		{
			"type": "bitmap",
			"ascent": -16,
			"height": 9,
			"file": "mltp.png",
			"chars": [
				""
			]
		},
		{
			"type": "bitmap",
			"ascent": -6,
			"height": 9,
			"file": "mltp.png",
			"chars": [
				""
			]
		},
		{
			"type": "bitmap",
			"ascent": -16,
			"height": 9,
			"file": "trxm.png",
			"chars": [
				""
			]
		},
		{
			"type": "bitmap",
			"ascent": -6,
			"height": 9,
			"file": "trxm.png",
			"chars": [
				""
			]
		},
		{
			"type": "bitmap",
			"ascent": -16,
			"height": 9,
			"file": "tqji.png",
			"chars": [
				""
			]
		},
		{
			"type": "bitmap",
			"ascent": -6,
			"height": 9,
			"file": "tqji.png",
			"chars": [
				""
			]
		},
		{
			"type": "bitmap",
			"ascent": -16,
			"height": 9,
			"file": "kvfj.png",
			"chars": [
				""
			]
		},
		{
			"type": "bitmap",
			"ascent": -6,
			"height": 9,
			"file": "kvfj.png",
			"chars": [
				""
			]
		},
		{
			"type": "bitmap",
			"ascent": 8,
			"height": 12,
			"file": "item/compass_00.png",
			"chars": [
				""
			]
		},
		{
			"type": "bitmap",
			"ascent": 8,
			"height": 12,
			"file": "item/compass_01.png",
			"chars": [
				""
			]
		},
		{
			"type": "bitmap",
			"ascent": 8,
			"height": 12,
			"file": "item/compass_02.png",
			"chars": [
				""
			]
		},
		{
			"type": "bitmap",
			"ascent": 8,
			"height": 12,
			"file": "item/compass_03.png",
			"chars": [
				""
			]
		},
		{
			"type": "bitmap",
			"ascent": 8,
			"height": 12,
			"file": "item/compass_04.png",
			"chars": [
				""
			]
		},
		{
			"type": "bitmap",
			"ascent": 8,
			"height": 12,
			"file": "item/compass_05.png",
			"chars": [
				""
			]
		},
		{
			"type": "bitmap",
			"ascent": 8,
			"height": 12,
			"file": "item/compass_06.png",
			"chars": [
				""
			]
		},
		{
			"type": "bitmap",
			"ascent": 8,
			"height": 12,
			"file": "item/compass_07.png",
			"chars": [
				""
			]
		},
		{
			"type": "bitmap",
			"ascent": 8,
			"height": 12,
			"file": "item/compass_08.png",
			"chars": [
				""
			]
		},
		{
			"type": "bitmap",
			"ascent": 8,
			"height": 12,
			"file": "item/compass_09.png",
			"chars": [
				""
			]
		},
		{
			"type": "bitmap",
			"ascent": 8,
			"height": 12,
			"file": "item/compass_10.png",
			"chars": [
				""
			]
		},
		{
			"type": "bitmap",
			"ascent": 8,
			"height": 12,
			"file": "item/compass_11.png",
			"chars": [
				""
			]
		},
		{
			"type": "bitmap",
			"ascent": 8,
			"height": 12,
			"file": "item/compass_12.png",
			"chars": [
				""
			]
		},
		{
			"type": "bitmap",
			"ascent": 8,
			"height": 12,
			"file": "item/compass_13.png",
			"chars": [
				""
			]
		},
		{
			"type": "bitmap",
			"ascent": 8,
			"height": 12,
			"file": "item/compass_14.png",
			"chars": [
				""
			]
		},
		{
			"type": "bitmap",
			"ascent": 8,
			"height": 12,
			"file": "item/compass_15.png",
			"chars": [
				""
			]
		},
		{
			"type": "bitmap",
			"ascent": 8,
			"height": 12,
			"file": "item/compass_16.png",
			"chars": [
				""
			]
		},
		{
			"type": "bitmap",
			"ascent": 8,
			"height": 12,
			"file": "item/compass_17.png",
			"chars": [
				""
			]
		},
		{
			"type": "bitmap",
			"ascent": 8,
			"height": 12,
			"file": "item/compass_18.png",
			"chars": [
				""
			]
		},
		{
			"type": "bitmap",
			"ascent": 8,
			"height": 12,
			"file": "item/compass_19.png",
			"chars": [
				""
			]
		},
		{
			"type": "bitmap",
			"ascent": 8,
			"height": 12,
			"file": "item/compass_20.png",
			"chars": [
				""
			]
		},
		{
			"type": "bitmap",
			"ascent": 8,
			"height": 12,
			"file": "item/compass_21.png",
			"chars": [
				""
			]
		},
		{
			"type": "bitmap",
			"ascent": 8,
			"height": 12,
			"file": "item/compass_22.png",
			"chars": [
				""
			]
		},
		{
			"type": "bitmap",
			"ascent": 8,
			"height": 12,
			"file": "item/compass_23.png",
			"chars": [
				""
			]
		},
		{
			"type": "bitmap",
			"ascent": 8,
			"height": 12,
			"file": "item/compass_24.png",
			"chars": [
				""
			]
		},
		{
			"type": "bitmap",
			"ascent": 8,
			"height": 12,
			"file": "item/compass_25.png",
			"chars": [
				""
			]
		},
		{
			"type": "bitmap",
			"ascent": 8,
			"height": 12,
			"file": "item/compass_26.png",
			"chars": [
				""
			]
		},
		{
			"type": "bitmap",
			"ascent": 8,
			"height": 12,
			"file": "item/compass_27.png",
			"chars": [
				""
			]
		},
		{
			"type": "bitmap",
			"ascent": 8,
			"height": 12,
			"file": "item/compass_28.png",
			"chars": [
				""
			]
		},
		{
			"type": "bitmap",
			"ascent": 8,
			"height": 12,
			"file": "item/compass_29.png",
			"chars": [
				""
			]
		},
		{
			"type": "bitmap",
			"ascent": 8,
			"height": 12,
			"file": "item/compass_30.png",
			"chars": [
				""
			]
		},
		{
			"type": "bitmap",
			"ascent": 8,
			"height": 12,
			"file": "item/compass_31.png",
			"chars": [
				""
			]
		},
		{
			"type": "bitmap",
			"ascent": 8,
			"height": 12,
			"file": "item/clock_00.png",
			"chars": [
				""
			]
		},
		{
			"type": "bitmap",
			"ascent": 8,
			"height": 12,
			"file": "item/clock_01.png",
			"chars": [
				""
			]
		},
		{
			"type": "bitmap",
			"ascent": 8,
			"height": 12,
			"file": "item/clock_02.png",
			"chars": [
				""
			]
		},
		{
			"type": "bitmap",
			"ascent": 8,
			"height": 12,
			"file": "item/clock_03.png",
			"chars": [
				""
			]
		},
		{
			"type": "bitmap",
			"ascent": 8,
			"height": 12,
			"file": "item/clock_04.png",
			"chars": [
				""
			]
		},
		{
			"type": "bitmap",
			"ascent": 8,
			"height": 12,
			"file": "item/clock_05.png",
			"chars": [
				""
			]
		},
		{
			"type": "bitmap",
			"ascent": 8,
			"height": 12,
			"file": "item/clock_06.png",
			"chars": [
				""
			]
		},
		{
			"type": "bitmap",
			"ascent": 8,
			"height": 12,
			"file": "item/clock_07.png",
			"chars": [
				""
			]
		},
		{
			"type": "bitmap",
			"ascent": 8,
			"height": 12,
			"file": "item/clock_08.png",
			"chars": [
				""
			]
		},
		{
			"type": "bitmap",
			"ascent": 8,
			"height": 12,
			"file": "item/clock_09.png",
			"chars": [
				""
			]
		},
		{
			"type": "bitmap",
			"ascent": 8,
			"height": 12,
			"file": "item/clock_10.png",
			"chars": [
				""
			]
		},
		{
			"type": "bitmap",
			"ascent": 8,
			"height": 12,
			"file": "item/clock_11.png",
			"chars": [
				""
			]
		},
		{
			"type": "bitmap",
			"ascent": 8,
			"height": 12,
			"file": "item/clock_12.png",
			"chars": [
				""
			]
		},
		{
			"type": "bitmap",
			"ascent": 8,
			"height": 12,
			"file": "item/clock_13.png",
			"chars": [
				""
			]
		},
		{
			"type": "bitmap",
			"ascent": 8,
			"height": 12,
			"file": "item/clock_14.png",
			"chars": [
				""
			]
		},
		{
			"type": "bitmap",
			"ascent": 8,
			"height": 12,
			"file": "item/clock_15.png",
			"chars": [
				""
			]
		},
		{
			"type": "bitmap",
			"ascent": 8,
			"height": 12,
			"file": "item/clock_16.png",
			"chars": [
				""
			]
		},
		{
			"type": "bitmap",
			"ascent": 8,
			"height": 12,
			"file": "item/clock_17.png",
			"chars": [
				""
			]
		},
		{
			"type": "bitmap",
			"ascent": 8,
			"height": 12,
			"file": "item/clock_18.png",
			"chars": [
				""
			]
		},
		{
			"type": "bitmap",
			"ascent": 8,
			"height": 12,
			"file": "item/clock_19.png",
			"chars": [
				""
			]
		},
		{
			"type": "bitmap",
			"ascent": 8,
			"height": 12,
			"file": "item/clock_20.png",
			"chars": [
				""
			]
		},
		{
			"type": "bitmap",
			"ascent": 8,
			"height": 12,
			"file": "item/clock_21.png",
			"chars": [
				""
			]
		},
		{
			"type": "bitmap",
			"ascent": 8,
			"height": 12,
			"file": "item/clock_22.png",
			"chars": [
				""
			]
		},
		{
			"type": "bitmap",
			"ascent": 8,
			"height": 12,
			"file": "item/clock_23.png",
			"chars": [
				""
			]
		},
		{
			"type": "bitmap",
			"ascent": 8,
			"height": 12,
			"file": "item/clock_24.png",
			"chars": [
				""
			]
		},
		{
			"type": "bitmap",
			"ascent": 8,
			"height": 12,
			"file": "item/clock_25.png",
			"chars": [
				""
			]
		},
		{
			"type": "bitmap",
			"ascent": 8,
			"height": 12,
			"file": "item/clock_26.png",
			"chars": [
				""
			]
		},
		{
			"type": "bitmap",
			"ascent": 8,
			"height": 12,
			"file": "item/clock_27.png",
			"chars": [
				""
			]
		},
		{
			"type": "bitmap",
			"ascent": 8,
			"height": 12,
			"file": "item/clock_28.png",
			"chars": [
				""
			]
		},
		{
			"type": "bitmap",
			"ascent": 8,
			"height": 12,
			"file": "item/clock_29.png",
			"chars": [
				""
			]
		},
		{
			"type": "bitmap",
			"ascent": 8,
			"height": 12,
			"file": "item/clock_30.png",
			"chars": [
				""
			]
		},
		{
			"type": "bitmap",
			"ascent": 8,
			"height": 12,
			"file": "item/clock_31.png",
			"chars": [
				""
			]
		},
		{
			"type": "bitmap",
			"ascent": 8,
			"height": 12,
			"file": "item/clock_32.png",
			"chars": [
				""
			]
		},
		{
			"type": "bitmap",
			"ascent": 8,
			"height": 12,
			"file": "item/clock_33.png",
			"chars": [
				""
			]
		},
		{
			"type": "bitmap",
			"ascent": 8,
			"height": 12,
			"file": "item/clock_34.png",
			"chars": [
				""
			]
		},
		{
			"type": "bitmap",
			"ascent": 8,
			"height": 12,
			"file": "item/clock_35.png",
			"chars": [
				""
			]
		},
		{
			"type": "bitmap",
			"ascent": 8,
			"height": 12,
			"file": "item/clock_36.png",
			"chars": [
				""
			]
		},
		{
			"type": "bitmap",
			"ascent": 8,
			"height": 12,
			"file": "item/clock_37.png",
			"chars": [
				""
			]
		},
		{
			"type": "bitmap",
			"ascent": 8,
			"height": 12,
			"file": "item/clock_38.png",
			"chars": [
				""
			]
		},
		{
			"type": "bitmap",
			"ascent": 8,
			"height": 12,
			"file": "item/clock_39.png",
			"chars": [
				""
			]
		},
		{
			"type": "bitmap",
			"ascent": 8,
			"height": 12,
			"file": "item/clock_40.png",
			"chars": [
				""
			]
		},
		{
			"type": "bitmap",
			"ascent": 8,
			"height": 12,
			"file": "item/clock_41.png",
			"chars": [
				""
			]
		},
		{
			"type": "bitmap",
			"ascent": 8,
			"height": 12,
			"file": "item/clock_42.png",
			"chars": [
				""
			]
		},
		{
			"type": "bitmap",
			"ascent": 8,
			"height": 12,
			"file": "item/clock_43.png",
			"chars": [
				""
			]
		},
		{
			"type": "bitmap",
			"ascent": 8,
			"height": 12,
			"file": "item/clock_44.png",
			"chars": [
				""
			]
		},
		{
			"type": "bitmap",
			"ascent": 8,
			"height": 12,
			"file": "item/clock_45.png",
			"chars": [
				""
			]
		},
		{
			"type": "bitmap",
			"ascent": 8,
			"height": 12,
			"file": "item/clock_46.png",
			"chars": [
				""
			]
		},
		{
			"type": "bitmap",
			"ascent": 8,
			"height": 12,
			"file": "item/clock_47.png",
			"chars": [
				""
			]
		},
		{
			"type": "bitmap",
			"ascent": 8,
			"height": 12,
			"file": "item/clock_48.png",
			"chars": [
				""
			]
		},
		{
			"type": "bitmap",
			"ascent": 8,
			"height": 12,
			"file": "item/clock_49.png",
			"chars": [
				""
			]
		},
		{
			"type": "bitmap",
			"ascent": 8,
			"height": 12,
			"file": "item/clock_50.png",
			"chars": [
				""
			]
		},
		{
			"type": "bitmap",
			"ascent": 8,
			"height": 12,
			"file": "item/clock_51.png",
			"chars": [
				""
			]
		},
		{
			"type": "bitmap",
			"ascent": 8,
			"height": 12,
			"file": "item/clock_52.png",
			"chars": [
				""
			]
		},
		{
			"type": "bitmap",
			"ascent": 8,
			"height": 12,
			"file": "item/clock_53.png",
			"chars": [
				""
			]
		},
		{
			"type": "bitmap",
			"ascent": 8,
			"height": 12,
			"file": "item/clock_54.png",
			"chars": [
				""
			]
		},
		{
			"type": "bitmap",
			"ascent": 8,
			"height": 12,
			"file": "item/clock_55.png",
			"chars": [
				""
			]
		},
		{
			"type": "bitmap",
			"ascent": 8,
			"height": 12,
			"file": "item/clock_56.png",
			"chars": [
				""
			]
		},
		{
			"type": "bitmap",
			"ascent": 8,
			"height": 12,
			"file": "item/clock_57.png",
			"chars": [
				""
			]
		},
		{
			"type": "bitmap",
			"ascent": 8,
			"height": 12,
			"file": "item/clock_58.png",
			"chars": [
				""
			]
		},
		{
			"type": "bitmap",
			"ascent": 8,
			"height": 12,
			"file": "item/clock_59.png",
			"chars": [
				""
			]
		},
		{
			"type": "bitmap",
			"ascent": 8,
			"height": 12,
			"file": "item/clock_60.png",
			"chars": [
				""
			]
		},
		{
			"type": "bitmap",
			"ascent": 8,
			"height": 12,
			"file": "item/clock_61.png",
			"chars": [
				""
			]
		},
		{
			"type": "bitmap",
			"ascent": 8,
			"height": 12,
			"file": "item/clock_62.png",
			"chars": [
				""
			]
		},
		{
			"type": "bitmap",
			"ascent": 8,
			"height": 12,
			"file": "item/clock_63.png",
			"chars": [
				""
			]
		},
		{
			"type": "bitmap",
			"ascent": 7,
			"file": "item/totem_of_undying.png",
			"chars": [
				""
			]
		},
		{
			"type": "bitmap",
			"ascent": 7,
			"file": "item/oak_boat.png",
			"chars": [
				""
			]
		},
		{
			"type": "bitmap",
			"ascent": 7,
			"file": "item/minecart.png",
			"chars": [
				""
			]
		},
		{
			"type": "bitmap",
			"ascent": 7,
			"file": "item/clock_00.png",
			"chars": [
				""
			]
		},
		{
			"type": "bitmap",
			"ascent": 7,
			"file": "item/compass_31.png",
			"chars": [
				""
			]
		},
		{
			"type": "bitmap",
			"ascent": 7,
			"file": "item/elytra.png",
			"chars": [
				""
			]
		},
		{
			"type": "bitmap",
			"ascent": 7,
			"file": "item/turtle_egg.png",
			"chars": [
				""
			]
		},
		{
			"type": "bitmap",
			"ascent": 7,
			"file": "item/wooden_sword.png",
			"chars": [
				""
			]
		},
		{
			"type": "bitmap",
			"ascent": 7,
			"file": "item/stone_axe.png",
			"chars": [
				""
			]
		},
		{
			"type": "bitmap",
			"ascent": 7,
			"file": "item/golden_axe.png",
			"chars": [
				""
			]
		},
		{
			"type": "bitmap",
			"ascent": 7,
			"file": "item/bow.png",
			"chars": [
				""
			]
		},
		{
			"type": "bitmap",
			"ascent": 7,
			"file": "item/arrow.png",
			"chars": [
				""
			]
		},
		{
			"type": "bitmap",
			"ascent": 7,
			"file": "item/crossbow_standby.png",
			"chars": [
				""
			]
		},
		{
			"type": "bitmap",
			"ascent": 7,
			"file": "item/stone_shovel.png",
			"chars": [
				""
			]
		},
		{
			"type": "bitmap",
			"ascent": 7,
			"file": "item/golden_shovel.png",
			"chars": [
				""
			]
		},
		{
			"type": "bitmap",
			"ascent": 7,
			"file": "item/stone_hoe.png",
			"chars": [
				""
			]
		},
		{
			"type": "bitmap",
			"ascent": 7,
			"file": "item/golden_hoe.png",
			"chars": [
				""
			]
		},
		{
			"type": "bitmap",
			"ascent": 7,
			"file": "item/stone_pickaxe.png",
			"chars": [
				""
			]
		},
		{
			"type": "bitmap",
			"ascent": 7,
			"file": "item/golden_pickaxe.png",
			"chars": [
				""
			]
		},
		{
			"type": "bitmap",
			"ascent": 7,
			"file": "item/shears.png",
			"chars": [
				""
			]
		},
		{
			"type": "bitmap",
			"ascent": 7,
			"file": "item/stone_sword.png",
			"chars": [
				""
			]
		},
		{
			"type": "bitmap",
			"ascent": 7,
			"file": "item/structure_void.png",
			"chars": [
				""
			]
		},
		{
			"type": "bitmap",
			"ascent": 7,
			"file": "item/flint_and_steel.png",
			"chars": [
				""
			]
		},
		{
			"type": "bitmap",
			"ascent": 7,
			"file": "item/golden_sword.png",
			"chars": [
				""
			]
		},
		{
			"type": "bitmap",
			"ascent": 7,
			"file": "item/potion.png",
			"chars": [
				""
			]
		},
		{
			"type": "bitmap",
			"ascent": 7,
			"file": "item/fishing_rod.png",
			"chars": [
				""
			]
		},
		{
			"type": "bitmap",
			"ascent": 7,
			"file": "item/milk_bucket.png",
			"chars": [
				""
			]
		},
		{
			"type": "bitmap",
			"ascent": 7,
			"file": "item/apple.png",
			"chars": [
				""
			]
		},
		{
			"type": "bitmap",
			"ascent": 7,
			"file": "item/wheat.png",
			"chars": [
				""
			]
		},
		{
			"type": "bitmap",
			"ascent": 7,
			"file": "item/cooked_beef.png",
			"chars": [
				""
			]
		},
		{
			"type": "bitmap",
			"ascent": 7,
			"file": "item/carrot.png",
			"chars": [
				""
			]
		},
		{
			"type": "bitmap",
			"ascent": 7,
			"file": "item/rotten_flesh.png",
			"chars": [
				""
			]
		},
		{
			"type": "bitmap",
			"ascent": 7,
			"file": "item/beetroot_soup.png",
			"chars": [
				""
			]
		},
		{
			"type": "bitmap",
			"ascent": 7,
			"file": "item/redstone.png",
			"chars": [
				""
			]
		},
		{
			"type": "bitmap",
			"ascent": 7,
			"file": "item/glowstone_dust.png",
			"chars": [
				""
			]
		},
		{
			"type": "bitmap",
			"ascent": 7,
			"file": "block/torch.png",
			"chars": [
				""
			]
		},
		{
			"type": "bitmap",
			"ascent": 7,
			"file": "block/soul_torch.png",
			"chars": [
				""
			]
		},
		{
			"type": "bitmap",
			"ascent": 7,
			"file": "mob_effect/mining_fatigue.png",
			"chars": [
				""
			]
		},
		{
			"type": "bitmap",
			"ascent": 7,
			"file": "mob_effect/night_vision.png",
			"chars": [
				""
			]
		},
		{
			"type": "bitmap",
			"ascent": 7,
			"file": "mob_effect/jump_boost.png",
			"chars": [
				""
			]
		}
	]
}
