{
	"providers": [
		{
			"type": "bitmap",
			"ascent": 7,
			"file": "cuwg.png",
			"chars": [
				""
			]
		},
		{
			"type": "bitmap",
			"ascent": 7,
			"file": "rdep.png",
			"chars": [
				""
			]
		},
		{
			"type": "bitmap",
			"ascent": 7,
			"file": "hrzu.png",
			"chars": [
				""
			]
		},
		{
			"type": "bitmap",
			"ascent": 7,
			"file": "zrre.png",
			"chars": [
				""
			]
		},
		{
			"type": "bitmap",
			"ascent": 7,
			"file": "qjue.png",
			"chars": [
				""
			]
		},
		{
			"type": "bitmap",
			"ascent": 7,
			"file": "wwqs.png",
			"chars": [
				""
			]
		},
		{
			"type": "bitmap",
			"ascent": 7,
			"file": "hvjl.png",
			"chars": [
				""
			]
		},
		{
			"type": "bitmap",
			"ascent": 7,
			"file": "mhhb.png",
			"chars": [
				""
			]
		},
		{
			"type": "bitmap",
			"ascent": 7,
			"file": "zahh.png",
			"chars": [
				""
			]
		},
		{
			"type": "bitmap",
			"ascent": 7,
			"file": "zkmi.png",
			"chars": [
				""
			]
		},
		{
			"type": "bitmap",
			"ascent": 7,
			"file": "fwpa.png",
			"chars": [
				""
			]
		},
		{
			"type": "bitmap",
			"ascent": 7,
			"file": "cjht.png",
			"chars": [
				""
			]
		},
		{
			"type": "bitmap",
			"ascent": 7,
			"file": "tcry.png",
			"chars": [
				""
			]
		},
		{
			"type": "bitmap",
			"ascent": 7,
			"file": "emhg.png",
			"chars": [
				""
			]
		},
		{
			"type": "bitmap",
			"ascent": -27,
			"height": 7,
			"file": "qipy.png",
			"chars": [
				""
			]
		},
		{
			"type": "bitmap",
			"ascent": -27,
			"height": 7,
			"file": "gzwe.png",
			"chars": [
				""
			]
		},
		{
			"type": "bitmap",
			"ascent": -27,
			"height": 7,
			"file": "ccdi.png",
			"chars": [
				""
			]
		},
		{
			"type": "bitmap",
			"ascent": -27,
			"height": 7,
			"file": "bkan.png",
			"chars": [
				""
			]
		},
		{
			"type": "bitmap",
			"ascent": -27,
			"height": 7,
			"file": "qcbd.png",
			"chars": [
				""
			]
		},
		{
			"type": "bitmap",
			"ascent": -27,
			"height": 7,
			"file": "meih.png",
			"chars": [
				""
			]
		},
		{
			"type": "bitmap",
			"ascent": -27,
			"height": 7,
			"file": "vdfz.png",
			"chars": [
				""
			]
		},
		{
			"type": "bitmap",
			"ascent": -27,
			"height": 7,
			"file": "ggek.png",
			"chars": [
				""
			]
		},
		{
			"type": "bitmap",
			"ascent": -27,
			"height": 7,
			"file": "tblm.png",
			"chars": [
				""
			]
		},
		{
			"type": "bitmap",
			"ascent": 7,
			"file": "dbfi.png",
			"chars": [
				""
			]
		},
		{
			"type": "bitmap",
			"ascent": 7,
			"file": "xtnf.png",
			"chars": [
				""
			]
		},
		{
			"type": "bitmap",
			"ascent": 7,
			"file": "swug.png",
			"chars": [
				""
			]
		},
		{
			"type": "bitmap",
			"ascent": 7,
			"file": "qumd.png",
			"chars": [
				""
			]
		},
		{
			"type": "bitmap",
			"ascent": 7,
			"file": "ksif.png",
			"chars": [
				""
			]
		},
		{
			"type": "bitmap",
			"ascent": 7,
			"file": "xssn.png",
			"chars": [
				""
			]
		},
		{
			"type": "bitmap",
			"ascent": 7,
			"file": "cuye.png",
			"chars": [
				""
			]
		},
		{
			"type": "bitmap",
			"ascent": 7,
			"file": "uxao.png",
			"chars": [
				""
			]
		},
		{
			"type": "bitmap",
			"ascent": 7,
			"file": "yvhg.png",
			"chars": [
				""
			]
		},
		{
			"type": "bitmap",
			"ascent": 7,
			"file": "sxzs.png",
			"chars": [
				""
			]
		},
		{
			"type": "bitmap",
			"ascent": 7,
			"file": "ekrv.png",
			"chars": [
				""
			]
		},
		{
			"type": "bitmap",
			"ascent": 7,
			"file": "inok.png",
			"chars": [
				""
			]
		},
		{
			"type": "bitmap",
			"ascent": 7,
			"file": "gqeb.png",
			"chars": [
				""
			]
		},
		{
			"type": "bitmap",
			"ascent": 7,
			"file": "vzyn.png",
			"chars": [
				""
			]
		},
		{
			"type": "bitmap",
			"ascent": 7,
			"file": "sgxg.png",
			"chars": [
				""
			]
		},
		{
			"type": "bitmap",
			"ascent": 7,
			"file": "jsma.png",
			"chars": [
				""
			]
		},
		{
			"type": "bitmap",
			"ascent": 7,
			"file": "vmyf.png",
			"chars": [
				""
			]
		},
		{
			"type": "bitmap",
			"ascent": 7,
			"file": "rnih.png",
			"chars": [
				""
			]
		},
		{
			"type": "bitmap",
			"ascent": 7,
			"file": "eyfi.png",
			"chars": [
				""
			]
		},
		{
			"type": "bitmap",
			"ascent": 7,
			"file": "ryja.png",
			"chars": [
				""
			]
		},
		{
			"type": "bitmap",
			"ascent": 7,
			"file": "yntj.png",
			"chars": [
				""
			]
		},
		{
			"type": "bitmap",
			"ascent": 7,
			"file": "jmrd.png",
			"chars": [
				""
			]
		},
		{
			"type": "bitmap",
			"ascent": 7,
			"file": "leze.png",
			"chars": [
				""
			]
		},
		{
			"type": "bitmap",
			"ascent": 7,
			"file": "tfhj.png",
			"chars": [
				""
			]
		},
		{
			"type": "bitmap",
			"ascent": 8,
			"height": 9,
			"file": "faqu.png",
			"chars": [
				""
			]
		},
		{
			"type": "bitmap",
			"ascent": 8,
			"height": 9,
			"file": "iabw.png",
			"chars": [
				""
			]
		},
		{
			"type": "bitmap",
			"ascent": 7,
			"file": "gneb.png",
			"chars": [
				""
			]
		},
		{
			"type": "bitmap",
			"ascent": 7,
			"file": "rafw.png",
			"chars": [
				""
			]
		},
		{
			"type": "bitmap",
			"ascent": 7,
			"file": "dpbj.png",
			"chars": [
				""
			]
		},
		{
			"type": "bitmap",
			"ascent": 7,
			"file": "gwhw.png",
			"chars": [
				""
			]
		},
		{
			"type": "bitmap",
			"ascent": 7,
			"file": "pysf.png",
			"chars": [
				""
			]
		},
		{
			"type": "bitmap",
			"ascent": 7,
			"file": "wpyr.png",
			"chars": [
				""
			]
		},
		{
			"type": "bitmap",
			"ascent": 7,
			"file": "baoi.png",
			"chars": [
				""
			]
		},
		{
			"type": "bitmap",
			"ascent": 7,
			"file": "zfab.png",
			"chars": [
				""
			]
		},
		{
			"type": "bitmap",
			"ascent": 7,
			"file": "jllx.png",
			"chars": [
				""
			]
		},
		{
			"type": "bitmap",
			"ascent": 7,
			"file": "ybjr.png",
			"chars": [
				""
			]
		},
		{
			"type": "bitmap",
			"ascent": 7,
			"file": "qdsg.png",
			"chars": [
				""
			]
		},
		{
			"type": "bitmap",
			"ascent": 7,
			"file": "ddqz.png",
			"chars": [
				""
			]
		},
		{
			"type": "bitmap",
			"ascent": 7,
			"file": "abbv.png",
			"chars": [
				""
			]
		},
		{
			"type": "bitmap",
			"ascent": 7,
			"file": "xzqb.png",
			"chars": [
				""
			]
		},
		{
			"type": "bitmap",
			"ascent": 7,
			"file": "crpm.png",
			"chars": [
				""
			]
		},
		{
			"type": "bitmap",
			"ascent": 7,
			"file": "yzpf.png",
			"chars": [
				""
			]
		},
		{
			"type": "bitmap",
			"ascent": 19,
			"height": 32,
			"file": "sbaz.png",
			"chars": [
				""
			]
		},
		{
			"type": "bitmap",
			"ascent": -13,
			"height": 16,
			"file": "waum.png",
			"chars": [
				""
			]
		},
		{
			"type": "bitmap",
			"ascent": -13,
			"height": 16,
			"file": "epdg.png",
			"chars": [
				""
			]
		},
		{
			"type": "bitmap",
			"ascent": -13,
			"height": 16,
			"file": "ecpg.png",
			"chars": [
				""
			]
		},
		{
			"type": "bitmap",
			"ascent": -13,
			"height": 16,
			"file": "pdpy.png",
			"chars": [
				""
			]
		},
		{
			"type": "bitmap",
			"ascent": -13,
			"height": 16,
			"file": "aufq.png",
			"chars": [
				""
			]
		},
		{
			"type": "bitmap",
			"ascent": -13,
			"height": 16,
			"file": "wqlr.png",
			"chars": [
				""
			]
		},
		{
			"type": "bitmap",
			"ascent": -13,
			"height": 16,
			"file": "pjzu.png",
			"chars": [
				""
			]
		},
		{
			"type": "bitmap",
			"ascent": -13,
			"height": 16,
			"file": "uqbx.png",
			"chars": [
				""
			]
		},
		{
			"type": "bitmap",
			"ascent": -13,
			"height": 16,
			"file": "hkjf.png",
			"chars": [
				""
			]
		},
		{
			"type": "bitmap",
			"ascent": -13,
			"height": 16,
			"file": "cnsz.png",
			"chars": [
				""
			]
		},
		{
			"type": "bitmap",
			"ascent": 7,
			"file": "pwqx.png",
			"chars": [
				""
			]
		},
		{
			"type": "bitmap",
			"ascent": 1200,
			"height": 2000,
			"file": "uqil.png",
			"chars": [
				""
			]
		},
		{
			"type": "bitmap",
			"ascent": 1200,
			"height": 2000,
			"file": "jiio.png",
			"chars": [
				""
			]
		},
		{
			"type": "bitmap",
			"ascent": 1200,
			"height": 2000,
			"file": "sqem.png",
			"chars": [
				""
			]
		},
		{
			"type": "bitmap",
			"ascent": 1200,
			"height": 2000,
			"file": "acnq.png",
			"chars": [
				""
			]
		},
		{
			"type": "bitmap",
			"ascent": 1200,
			"height": 2000,
			"file": "ajvv.png",
			"chars": [
				""
			]
		},
		{
			"type": "bitmap",
			"ascent": 7,
			"file": "pkbj.png",
			"chars": [
				""
			]
		},
		{
			"type": "bitmap",
			"ascent": 1200,
			"height": 2000,
			"file": "hitc.png",
			"chars": [
				""
			]
		},
		{
			"type": "bitmap",
			"ascent": 1200,
			"height": 2000,
			"file": "kwgw.png",
			"chars": [
				""
			]
		},
		{
			"type": "bitmap",
			"ascent": 1200,
			"height": 2000,
			"file": "ywuj.png",
			"chars": [
				""
			]
		},
		{
			"type": "bitmap",
			"ascent": 1200,
			"height": 2000,
			"file": "cwul.png",
			"chars": [
				""
			]
		},
		{
			"type": "bitmap",
			"ascent": 1200,
			"height": 2000,
			"file": "bjxo.png",
			"chars": [
				""
			]
		},
		{
			"type": "bitmap",
			"ascent": -13,
			"height": 16,
			"file": "qybg.png",
			"chars": [
				""
			]
		},
		{
			"type": "bitmap",
			"ascent": 7,
			"file": "wtnl.png",
			"chars": [
				""
			]
		},
		{
			"type": "bitmap",
			"ascent": 7,
			"file": "yhsj.png",
			"chars": [
				""
			]
		},
		{
			"type": "bitmap",
			"ascent": 7,
			"file": "sihj.png",
			"chars": [
				""
			]
		},
		{
			"type": "bitmap",
			"ascent": 7,
			"file": "idel.png",
			"chars": [
				""
			]
		},
		{
			"type": "bitmap",
			"ascent": 7,
			"file": "micx.png",
			"chars": [
				""
			]
		},
		{
			"type": "bitmap",
			"ascent": 8,
			"height": 12,
			"file": "item/compass_00.png",
			"chars": [
				""
			]
		},
		{
			"type": "bitmap",
			"ascent": 8,
			"height": 12,
			"file": "item/compass_01.png",
			"chars": [
				""
			]
		},
		{
			"type": "bitmap",
			"ascent": 8,
			"height": 12,
			"file": "item/compass_02.png",
			"chars": [
				""
			]
		},
		{
			"type": "bitmap",
			"ascent": 8,
			"height": 12,
			"file": "item/compass_03.png",
			"chars": [
				""
			]
		},
		{
			"type": "bitmap",
			"ascent": 8,
			"height": 12,
			"file": "item/compass_04.png",
			"chars": [
				""
			]
		},
		{
			"type": "bitmap",
			"ascent": 8,
			"height": 12,
			"file": "item/compass_05.png",
			"chars": [
				""
			]
		},
		{
			"type": "bitmap",
			"ascent": 8,
			"height": 12,
			"file": "item/compass_06.png",
			"chars": [
				""
			]
		},
		{
			"type": "bitmap",
			"ascent": 8,
			"height": 12,
			"file": "item/compass_07.png",
			"chars": [
				""
			]
		},
		{
			"type": "bitmap",
			"ascent": 8,
			"height": 12,
			"file": "item/compass_08.png",
			"chars": [
				""
			]
		},
		{
			"type": "bitmap",
			"ascent": 8,
			"height": 12,
			"file": "item/compass_09.png",
			"chars": [
				""
			]
		},
		{
			"type": "bitmap",
			"ascent": 8,
			"height": 12,
			"file": "item/compass_10.png",
			"chars": [
				""
			]
		},
		{
			"type": "bitmap",
			"ascent": 8,
			"height": 12,
			"file": "item/compass_11.png",
			"chars": [
				""
			]
		},
		{
			"type": "bitmap",
			"ascent": 8,
			"height": 12,
			"file": "item/compass_12.png",
			"chars": [
				""
			]
		},
		{
			"type": "bitmap",
			"ascent": 8,
			"height": 12,
			"file": "item/compass_13.png",
			"chars": [
				""
			]
		},
		{
			"type": "bitmap",
			"ascent": 8,
			"height": 12,
			"file": "item/compass_14.png",
			"chars": [
				""
			]
		},
		{
			"type": "bitmap",
			"ascent": 8,
			"height": 12,
			"file": "item/compass_15.png",
			"chars": [
				""
			]
		},
		{
			"type": "bitmap",
			"ascent": 8,
			"height": 12,
			"file": "item/compass_16.png",
			"chars": [
				""
			]
		},
		{
			"type": "bitmap",
			"ascent": 8,
			"height": 12,
			"file": "item/compass_17.png",
			"chars": [
				""
			]
		},
		{
			"type": "bitmap",
			"ascent": 8,
			"height": 12,
			"file": "item/compass_18.png",
			"chars": [
				""
			]
		},
		{
			"type": "bitmap",
			"ascent": 8,
			"height": 12,
			"file": "item/compass_19.png",
			"chars": [
				""
			]
		},
		{
			"type": "bitmap",
			"ascent": 8,
			"height": 12,
			"file": "item/compass_20.png",
			"chars": [
				""
			]
		},
		{
			"type": "bitmap",
			"ascent": 8,
			"height": 12,
			"file": "item/compass_21.png",
			"chars": [
				""
			]
		},
		{
			"type": "bitmap",
			"ascent": 8,
			"height": 12,
			"file": "item/compass_22.png",
			"chars": [
				""
			]
		},
		{
			"type": "bitmap",
			"ascent": 8,
			"height": 12,
			"file": "item/compass_23.png",
			"chars": [
				""
			]
		},
		{
			"type": "bitmap",
			"ascent": 8,
			"height": 12,
			"file": "item/compass_24.png",
			"chars": [
				""
			]
		},
		{
			"type": "bitmap",
			"ascent": 8,
			"height": 12,
			"file": "item/compass_25.png",
			"chars": [
				""
			]
		},
		{
			"type": "bitmap",
			"ascent": 8,
			"height": 12,
			"file": "item/compass_26.png",
			"chars": [
				""
			]
		},
		{
			"type": "bitmap",
			"ascent": 8,
			"height": 12,
			"file": "item/compass_27.png",
			"chars": [
				""
			]
		},
		{
			"type": "bitmap",
			"ascent": 8,
			"height": 12,
			"file": "item/compass_28.png",
			"chars": [
				""
			]
		},
		{
			"type": "bitmap",
			"ascent": 8,
			"height": 12,
			"file": "item/compass_29.png",
			"chars": [
				""
			]
		},
		{
			"type": "bitmap",
			"ascent": 8,
			"height": 12,
			"file": "item/compass_30.png",
			"chars": [
				""
			]
		},
		{
			"type": "bitmap",
			"ascent": 8,
			"height": 12,
			"file": "item/compass_31.png",
			"chars": [
				""
			]
		},
		{
			"type": "bitmap",
			"ascent": 8,
			"height": 12,
			"file": "item/clock_00.png",
			"chars": [
				""
			]
		},
		{
			"type": "bitmap",
			"ascent": 8,
			"height": 12,
			"file": "item/clock_01.png",
			"chars": [
				""
			]
		},
		{
			"type": "bitmap",
			"ascent": 8,
			"height": 12,
			"file": "item/clock_02.png",
			"chars": [
				""
			]
		},
		{
			"type": "bitmap",
			"ascent": 8,
			"height": 12,
			"file": "item/clock_03.png",
			"chars": [
				""
			]
		},
		{
			"type": "bitmap",
			"ascent": 8,
			"height": 12,
			"file": "item/clock_04.png",
			"chars": [
				""
			]
		},
		{
			"type": "bitmap",
			"ascent": 8,
			"height": 12,
			"file": "item/clock_05.png",
			"chars": [
				""
			]
		},
		{
			"type": "bitmap",
			"ascent": 8,
			"height": 12,
			"file": "item/clock_06.png",
			"chars": [
				""
			]
		},
		{
			"type": "bitmap",
			"ascent": 8,
			"height": 12,
			"file": "item/clock_07.png",
			"chars": [
				""
			]
		},
		{
			"type": "bitmap",
			"ascent": 8,
			"height": 12,
			"file": "item/clock_08.png",
			"chars": [
				""
			]
		},
		{
			"type": "bitmap",
			"ascent": 8,
			"height": 12,
			"file": "item/clock_09.png",
			"chars": [
				""
			]
		},
		{
			"type": "bitmap",
			"ascent": 8,
			"height": 12,
			"file": "item/clock_10.png",
			"chars": [
				""
			]
		},
		{
			"type": "bitmap",
			"ascent": 8,
			"height": 12,
			"file": "item/clock_11.png",
			"chars": [
				""
			]
		},
		{
			"type": "bitmap",
			"ascent": 8,
			"height": 12,
			"file": "item/clock_12.png",
			"chars": [
				""
			]
		},
		{
			"type": "bitmap",
			"ascent": 8,
			"height": 12,
			"file": "item/clock_13.png",
			"chars": [
				""
			]
		},
		{
			"type": "bitmap",
			"ascent": 8,
			"height": 12,
			"file": "item/clock_14.png",
			"chars": [
				""
			]
		},
		{
			"type": "bitmap",
			"ascent": 8,
			"height": 12,
			"file": "item/clock_15.png",
			"chars": [
				""
			]
		},
		{
			"type": "bitmap",
			"ascent": 8,
			"height": 12,
			"file": "item/clock_16.png",
			"chars": [
				""
			]
		},
		{
			"type": "bitmap",
			"ascent": 8,
			"height": 12,
			"file": "item/clock_17.png",
			"chars": [
				""
			]
		},
		{
			"type": "bitmap",
			"ascent": 8,
			"height": 12,
			"file": "item/clock_18.png",
			"chars": [
				""
			]
		},
		{
			"type": "bitmap",
			"ascent": 8,
			"height": 12,
			"file": "item/clock_19.png",
			"chars": [
				""
			]
		},
		{
			"type": "bitmap",
			"ascent": 8,
			"height": 12,
			"file": "item/clock_20.png",
			"chars": [
				""
			]
		},
		{
			"type": "bitmap",
			"ascent": 8,
			"height": 12,
			"file": "item/clock_21.png",
			"chars": [
				""
			]
		},
		{
			"type": "bitmap",
			"ascent": 8,
			"height": 12,
			"file": "item/clock_22.png",
			"chars": [
				""
			]
		},
		{
			"type": "bitmap",
			"ascent": 8,
			"height": 12,
			"file": "item/clock_23.png",
			"chars": [
				""
			]
		},
		{
			"type": "bitmap",
			"ascent": 8,
			"height": 12,
			"file": "item/clock_24.png",
			"chars": [
				""
			]
		},
		{
			"type": "bitmap",
			"ascent": 8,
			"height": 12,
			"file": "item/clock_25.png",
			"chars": [
				""
			]
		},
		{
			"type": "bitmap",
			"ascent": 8,
			"height": 12,
			"file": "item/clock_26.png",
			"chars": [
				""
			]
		},
		{
			"type": "bitmap",
			"ascent": 8,
			"height": 12,
			"file": "item/clock_27.png",
			"chars": [
				""
			]
		},
		{
			"type": "bitmap",
			"ascent": 8,
			"height": 12,
			"file": "item/clock_28.png",
			"chars": [
				""
			]
		},
		{
			"type": "bitmap",
			"ascent": 8,
			"height": 12,
			"file": "item/clock_29.png",
			"chars": [
				""
			]
		},
		{
			"type": "bitmap",
			"ascent": 8,
			"height": 12,
			"file": "item/clock_30.png",
			"chars": [
				""
			]
		},
		{
			"type": "bitmap",
			"ascent": 8,
			"height": 12,
			"file": "item/clock_31.png",
			"chars": [
				""
			]
		},
		{
			"type": "bitmap",
			"ascent": 8,
			"height": 12,
			"file": "item/clock_32.png",
			"chars": [
				""
			]
		},
		{
			"type": "bitmap",
			"ascent": 8,
			"height": 12,
			"file": "item/clock_33.png",
			"chars": [
				""
			]
		},
		{
			"type": "bitmap",
			"ascent": 8,
			"height": 12,
			"file": "item/clock_34.png",
			"chars": [
				""
			]
		},
		{
			"type": "bitmap",
			"ascent": 8,
			"height": 12,
			"file": "item/clock_35.png",
			"chars": [
				""
			]
		},
		{
			"type": "bitmap",
			"ascent": 8,
			"height": 12,
			"file": "item/clock_36.png",
			"chars": [
				""
			]
		},
		{
			"type": "bitmap",
			"ascent": 8,
			"height": 12,
			"file": "item/clock_37.png",
			"chars": [
				""
			]
		},
		{
			"type": "bitmap",
			"ascent": 8,
			"height": 12,
			"file": "item/clock_38.png",
			"chars": [
				""
			]
		},
		{
			"type": "bitmap",
			"ascent": 8,
			"height": 12,
			"file": "item/clock_39.png",
			"chars": [
				""
			]
		},
		{
			"type": "bitmap",
			"ascent": 8,
			"height": 12,
			"file": "item/clock_40.png",
			"chars": [
				""
			]
		},
		{
			"type": "bitmap",
			"ascent": 8,
			"height": 12,
			"file": "item/clock_41.png",
			"chars": [
				""
			]
		},
		{
			"type": "bitmap",
			"ascent": 8,
			"height": 12,
			"file": "item/clock_42.png",
			"chars": [
				""
			]
		},
		{
			"type": "bitmap",
			"ascent": 8,
			"height": 12,
			"file": "item/clock_43.png",
			"chars": [
				""
			]
		},
		{
			"type": "bitmap",
			"ascent": 8,
			"height": 12,
			"file": "item/clock_44.png",
			"chars": [
				""
			]
		},
		{
			"type": "bitmap",
			"ascent": 8,
			"height": 12,
			"file": "item/clock_45.png",
			"chars": [
				""
			]
		},
		{
			"type": "bitmap",
			"ascent": 8,
			"height": 12,
			"file": "item/clock_46.png",
			"chars": [
				""
			]
		},
		{
			"type": "bitmap",
			"ascent": 8,
			"height": 12,
			"file": "item/clock_47.png",
			"chars": [
				""
			]
		},
		{
			"type": "bitmap",
			"ascent": 8,
			"height": 12,
			"file": "item/clock_48.png",
			"chars": [
				""
			]
		},
		{
			"type": "bitmap",
			"ascent": 8,
			"height": 12,
			"file": "item/clock_49.png",
			"chars": [
				""
			]
		},
		{
			"type": "bitmap",
			"ascent": 8,
			"height": 12,
			"file": "item/clock_50.png",
			"chars": [
				""
			]
		},
		{
			"type": "bitmap",
			"ascent": 8,
			"height": 12,
			"file": "item/clock_51.png",
			"chars": [
				""
			]
		},
		{
			"type": "bitmap",
			"ascent": 8,
			"height": 12,
			"file": "item/clock_52.png",
			"chars": [
				""
			]
		},
		{
			"type": "bitmap",
			"ascent": 8,
			"height": 12,
			"file": "item/clock_53.png",
			"chars": [
				""
			]
		},
		{
			"type": "bitmap",
			"ascent": 8,
			"height": 12,
			"file": "item/clock_54.png",
			"chars": [
				""
			]
		},
		{
			"type": "bitmap",
			"ascent": 8,
			"height": 12,
			"file": "item/clock_55.png",
			"chars": [
				""
			]
		},
		{
			"type": "bitmap",
			"ascent": 8,
			"height": 12,
			"file": "item/clock_56.png",
			"chars": [
				""
			]
		},
		{
			"type": "bitmap",
			"ascent": 8,
			"height": 12,
			"file": "item/clock_57.png",
			"chars": [
				""
			]
		},
		{
			"type": "bitmap",
			"ascent": 8,
			"height": 12,
			"file": "item/clock_58.png",
			"chars": [
				""
			]
		},
		{
			"type": "bitmap",
			"ascent": 8,
			"height": 12,
			"file": "item/clock_59.png",
			"chars": [
				""
			]
		},
		{
			"type": "bitmap",
			"ascent": 8,
			"height": 12,
			"file": "item/clock_60.png",
			"chars": [
				""
			]
		},
		{
			"type": "bitmap",
			"ascent": 8,
			"height": 12,
			"file": "item/clock_61.png",
			"chars": [
				""
			]
		},
		{
			"type": "bitmap",
			"ascent": 8,
			"height": 12,
			"file": "item/clock_62.png",
			"chars": [
				""
			]
		},
		{
			"type": "bitmap",
			"ascent": 8,
			"height": 12,
			"file": "item/clock_63.png",
			"chars": [
				""
			]
		},
		{
			"type": "bitmap",
			"ascent": 7,
			"file": "item/totem_of_undying.png",
			"chars": [
				""
			]
		},
		{
			"type": "bitmap",
			"ascent": 7,
			"file": "item/oak_boat.png",
			"chars": [
				""
			]
		},
		{
			"type": "bitmap",
			"ascent": 7,
			"file": "item/minecart.png",
			"chars": [
				""
			]
		},
		{
			"type": "bitmap",
			"ascent": 7,
			"file": "item/clock_00.png",
			"chars": [
				""
			]
		},
		{
			"type": "bitmap",
			"ascent": 7,
			"file": "item/compass_31.png",
			"chars": [
				""
			]
		},
		{
			"type": "bitmap",
			"ascent": 7,
			"file": "item/elytra.png",
			"chars": [
				""
			]
		},
		{
			"type": "bitmap",
			"ascent": 7,
			"file": "item/turtle_egg.png",
			"chars": [
				""
			]
		},
		{
			"type": "bitmap",
			"ascent": 7,
			"file": "item/wooden_sword.png",
			"chars": [
				""
			]
		},
		{
			"type": "bitmap",
			"ascent": 7,
			"file": "item/stone_axe.png",
			"chars": [
				""
			]
		},
		{
			"type": "bitmap",
			"ascent": 7,
			"file": "item/golden_axe.png",
			"chars": [
				""
			]
		},
		{
			"type": "bitmap",
			"ascent": 7,
			"file": "item/bow.png",
			"chars": [
				""
			]
		},
		{
			"type": "bitmap",
			"ascent": 7,
			"file": "item/arrow.png",
			"chars": [
				""
			]
		},
		{
			"type": "bitmap",
			"ascent": 7,
			"file": "item/crossbow_standby.png",
			"chars": [
				""
			]
		},
		{
			"type": "bitmap",
			"ascent": 7,
			"file": "item/stone_shovel.png",
			"chars": [
				""
			]
		},
		{
			"type": "bitmap",
			"ascent": 7,
			"file": "item/golden_shovel.png",
			"chars": [
				""
			]
		},
		{
			"type": "bitmap",
			"ascent": 7,
			"file": "item/stone_hoe.png",
			"chars": [
				""
			]
		},
		{
			"type": "bitmap",
			"ascent": 7,
			"file": "item/golden_hoe.png",
			"chars": [
				""
			]
		},
		{
			"type": "bitmap",
			"ascent": 7,
			"file": "item/stone_pickaxe.png",
			"chars": [
				""
			]
		},
		{
			"type": "bitmap",
			"ascent": 7,
			"file": "item/golden_pickaxe.png",
			"chars": [
				""
			]
		},
		{
			"type": "bitmap",
			"ascent": 7,
			"file": "item/shears.png",
			"chars": [
				""
			]
		},
		{
			"type": "bitmap",
			"ascent": 7,
			"file": "item/stone_sword.png",
			"chars": [
				""
			]
		},
		{
			"type": "bitmap",
			"ascent": 7,
			"file": "item/structure_void.png",
			"chars": [
				""
			]
		},
		{
			"type": "bitmap",
			"ascent": 7,
			"file": "item/flint_and_steel.png",
			"chars": [
				""
			]
		},
		{
			"type": "bitmap",
			"ascent": 7,
			"file": "item/golden_sword.png",
			"chars": [
				""
			]
		},
		{
			"type": "bitmap",
			"ascent": 7,
			"file": "item/potion.png",
			"chars": [
				""
			]
		},
		{
			"type": "bitmap",
			"ascent": 7,
			"file": "item/fishing_rod.png",
			"chars": [
				""
			]
		},
		{
			"type": "bitmap",
			"ascent": 7,
			"file": "item/milk_bucket.png",
			"chars": [
				""
			]
		},
		{
			"type": "bitmap",
			"ascent": 7,
			"file": "item/apple.png",
			"chars": [
				""
			]
		},
		{
			"type": "bitmap",
			"ascent": 7,
			"file": "item/wheat.png",
			"chars": [
				""
			]
		},
		{
			"type": "bitmap",
			"ascent": 7,
			"file": "item/cooked_beef.png",
			"chars": [
				""
			]
		},
		{
			"type": "bitmap",
			"ascent": 7,
			"file": "item/carrot.png",
			"chars": [
				""
			]
		},
		{
			"type": "bitmap",
			"ascent": 7,
			"file": "item/rotten_flesh.png",
			"chars": [
				""
			]
		},
		{
			"type": "bitmap",
			"ascent": 7,
			"file": "item/beetroot_soup.png",
			"chars": [
				""
			]
		},
		{
			"type": "bitmap",
			"ascent": 7,
			"file": "item/redstone.png",
			"chars": [
				""
			]
		},
		{
			"type": "bitmap",
			"ascent": 7,
			"file": "item/glowstone_dust.png",
			"chars": [
				""
			]
		},
		{
			"type": "bitmap",
			"ascent": 7,
			"file": "block/torch.png",
			"chars": [
				""
			]
		},
		{
			"type": "bitmap",
			"ascent": 7,
			"file": "block/soul_torch.png",
			"chars": [
				""
			]
		},
		{
			"type": "bitmap",
			"ascent": 7,
			"file": "mob_effect/mining_fatigue.png",
			"chars": [
				""
			]
		},
		{
			"type": "bitmap",
			"ascent": 7,
			"file": "mob_effect/night_vision.png",
			"chars": [
				""
			]
		},
		{
			"type": "bitmap",
			"ascent": 7,
			"file": "mob_effect/jump_boost.png",
			"chars": [
				""
			]
		}
	]
}
