{
	"providers": [
		{
			"type": "bitmap",
			"ascent": 7,
			"file": "dejt.png",
			"chars": [
				""
			]
		},
		{
			"type": "bitmap",
			"ascent": 7,
			"file": "sxwk.png",
			"chars": [
				""
			]
		},
		{
			"type": "bitmap",
			"ascent": 7,
			"file": "gpns.png",
			"chars": [
				""
			]
		},
		{
			"type": "bitmap",
			"ascent": 7,
			"file": "dwpx.png",
			"chars": [
				""
			]
		},
		{
			"type": "bitmap",
			"ascent": 7,
			"file": "phtd.png",
			"chars": [
				""
			]
		},
		{
			"type": "bitmap",
			"ascent": 7,
			"file": "odnq.png",
			"chars": [
				""
			]
		},
		{
			"type": "bitmap",
			"ascent": 7,
			"file": "tgsz.png",
			"chars": [
				""
			]
		},
		{
			"type": "bitmap",
			"ascent": 7,
			"file": "pipd.png",
			"chars": [
				""
			]
		},
		{
			"type": "bitmap",
			"ascent": 7,
			"file": "vpsu.png",
			"chars": [
				""
			]
		},
		{
			"type": "bitmap",
			"ascent": 7,
			"file": "ihpx.png",
			"chars": [
				""
			]
		},
		{
			"type": "bitmap",
			"ascent": 7,
			"file": "qzfb.png",
			"chars": [
				""
			]
		},
		{
			"type": "bitmap",
			"ascent": 7,
			"file": "xbgf.png",
			"chars": [
				""
			]
		},
		{
			"type": "bitmap",
			"ascent": 7,
			"file": "yalm.png",
			"chars": [
				""
			]
		},
		{
			"type": "bitmap",
			"ascent": 7,
			"file": "udxa.png",
			"chars": [
				""
			]
		},
		{
			"type": "bitmap",
			"ascent": -27,
			"height": 7,
			"file": "ffte.png",
			"chars": [
				""
			]
		},
		{
			"type": "bitmap",
			"ascent": -27,
			"height": 7,
			"file": "csbs.png",
			"chars": [
				""
			]
		},
		{
			"type": "bitmap",
			"ascent": -27,
			"height": 7,
			"file": "rhjy.png",
			"chars": [
				""
			]
		},
		{
			"type": "bitmap",
			"ascent": -27,
			"height": 7,
			"file": "vcly.png",
			"chars": [
				""
			]
		},
		{
			"type": "bitmap",
			"ascent": -27,
			"height": 7,
			"file": "aimx.png",
			"chars": [
				""
			]
		},
		{
			"type": "bitmap",
			"ascent": -27,
			"height": 7,
			"file": "yuya.png",
			"chars": [
				""
			]
		},
		{
			"type": "bitmap",
			"ascent": -27,
			"height": 7,
			"file": "bnly.png",
			"chars": [
				""
			]
		},
		{
			"type": "bitmap",
			"ascent": -27,
			"height": 7,
			"file": "khsh.png",
			"chars": [
				""
			]
		},
		{
			"type": "bitmap",
			"ascent": -27,
			"height": 7,
			"file": "upud.png",
			"chars": [
				""
			]
		},
		{
			"type": "bitmap",
			"ascent": 7,
			"file": "swxy.png",
			"chars": [
				""
			]
		},
		{
			"type": "bitmap",
			"ascent": 7,
			"file": "qutl.png",
			"chars": [
				""
			]
		},
		{
			"type": "bitmap",
			"ascent": 7,
			"file": "oqgt.png",
			"chars": [
				""
			]
		},
		{
			"type": "bitmap",
			"ascent": 7,
			"file": "qvse.png",
			"chars": [
				""
			]
		},
		{
			"type": "bitmap",
			"ascent": 7,
			"file": "xnsr.png",
			"chars": [
				""
			]
		},
		{
			"type": "bitmap",
			"ascent": 7,
			"file": "txox.png",
			"chars": [
				""
			]
		},
		{
			"type": "bitmap",
			"ascent": 7,
			"file": "xxcx.png",
			"chars": [
				""
			]
		},
		{
			"type": "bitmap",
			"ascent": 7,
			"file": "hbcs.png",
			"chars": [
				""
			]
		},
		{
			"type": "bitmap",
			"ascent": 7,
			"file": "ixir.png",
			"chars": [
				""
			]
		},
		{
			"type": "bitmap",
			"ascent": 7,
			"file": "fgnp.png",
			"chars": [
				""
			]
		},
		{
			"type": "bitmap",
			"ascent": 7,
			"file": "iyrw.png",
			"chars": [
				""
			]
		},
		{
			"type": "bitmap",
			"ascent": 7,
			"file": "tnfb.png",
			"chars": [
				""
			]
		},
		{
			"type": "bitmap",
			"ascent": 7,
			"file": "aucg.png",
			"chars": [
				""
			]
		},
		{
			"type": "bitmap",
			"ascent": 7,
			"file": "jxkc.png",
			"chars": [
				""
			]
		},
		{
			"type": "bitmap",
			"ascent": 7,
			"file": "eoww.png",
			"chars": [
				""
			]
		},
		{
			"type": "bitmap",
			"ascent": 7,
			"file": "ihqo.png",
			"chars": [
				""
			]
		},
		{
			"type": "bitmap",
			"ascent": 7,
			"file": "mlqp.png",
			"chars": [
				""
			]
		},
		{
			"type": "bitmap",
			"ascent": 7,
			"file": "qsop.png",
			"chars": [
				""
			]
		},
		{
			"type": "bitmap",
			"ascent": 7,
			"file": "zyqv.png",
			"chars": [
				""
			]
		},
		{
			"type": "bitmap",
			"ascent": 7,
			"file": "bzjj.png",
			"chars": [
				""
			]
		},
		{
			"type": "bitmap",
			"ascent": 7,
			"file": "vpsc.png",
			"chars": [
				""
			]
		},
		{
			"type": "bitmap",
			"ascent": 7,
			"file": "jcfs.png",
			"chars": [
				""
			]
		},
		{
			"type": "bitmap",
			"ascent": 7,
			"file": "sttj.png",
			"chars": [
				""
			]
		},
		{
			"type": "bitmap",
			"ascent": 7,
			"file": "qyqt.png",
			"chars": [
				""
			]
		},
		{
			"type": "bitmap",
			"ascent": 8,
			"height": 9,
			"file": "twlo.png",
			"chars": [
				""
			]
		},
		{
			"type": "bitmap",
			"ascent": 8,
			"height": 9,
			"file": "zkou.png",
			"chars": [
				""
			]
		},
		{
			"type": "bitmap",
			"ascent": 7,
			"file": "vgfi.png",
			"chars": [
				""
			]
		},
		{
			"type": "bitmap",
			"ascent": 7,
			"file": "pkly.png",
			"chars": [
				""
			]
		},
		{
			"type": "bitmap",
			"ascent": 7,
			"file": "xiev.png",
			"chars": [
				""
			]
		},
		{
			"type": "bitmap",
			"ascent": 7,
			"file": "fblv.png",
			"chars": [
				""
			]
		},
		{
			"type": "bitmap",
			"ascent": 7,
			"file": "nomg.png",
			"chars": [
				""
			]
		},
		{
			"type": "bitmap",
			"ascent": 7,
			"file": "fovj.png",
			"chars": [
				""
			]
		},
		{
			"type": "bitmap",
			"ascent": 7,
			"file": "bjib.png",
			"chars": [
				""
			]
		},
		{
			"type": "bitmap",
			"ascent": 7,
			"file": "mhft.png",
			"chars": [
				""
			]
		},
		{
			"type": "bitmap",
			"ascent": 7,
			"file": "twpn.png",
			"chars": [
				""
			]
		},
		{
			"type": "bitmap",
			"ascent": 7,
			"file": "tkmp.png",
			"chars": [
				""
			]
		},
		{
			"type": "bitmap",
			"ascent": 7,
			"file": "npdn.png",
			"chars": [
				""
			]
		},
		{
			"type": "bitmap",
			"ascent": 7,
			"file": "xqoc.png",
			"chars": [
				""
			]
		},
		{
			"type": "bitmap",
			"ascent": 7,
			"file": "uzun.png",
			"chars": [
				""
			]
		},
		{
			"type": "bitmap",
			"ascent": 7,
			"file": "blxs.png",
			"chars": [
				""
			]
		},
		{
			"type": "bitmap",
			"ascent": 7,
			"file": "vpiq.png",
			"chars": [
				""
			]
		},
		{
			"type": "bitmap",
			"ascent": 7,
			"file": "nuyt.png",
			"chars": [
				""
			]
		},
		{
			"type": "bitmap",
			"ascent": 28,
			"height": 48,
			"file": "ycei.png",
			"chars": [
				""
			]
		},
		{
			"type": "bitmap",
			"ascent": 7,
			"height": 17,
			"file": "pozl.png",
			"chars": [
				""
			]
		},
		{
			"type": "bitmap",
			"ascent": 19,
			"height": 32,
			"file": "ibei.png",
			"chars": [
				""
			]
		},
		{
			"type": "bitmap",
			"ascent": -13,
			"height": 16,
			"file": "vakc.png",
			"chars": [
				""
			]
		},
		{
			"type": "bitmap",
			"ascent": -13,
			"height": 16,
			"file": "pjmz.png",
			"chars": [
				""
			]
		},
		{
			"type": "bitmap",
			"ascent": -13,
			"height": 16,
			"file": "gynn.png",
			"chars": [
				""
			]
		},
		{
			"type": "bitmap",
			"ascent": -13,
			"height": 16,
			"file": "gqdg.png",
			"chars": [
				""
			]
		},
		{
			"type": "bitmap",
			"ascent": -13,
			"height": 16,
			"file": "ejas.png",
			"chars": [
				""
			]
		},
		{
			"type": "bitmap",
			"ascent": -13,
			"height": 16,
			"file": "lxye.png",
			"chars": [
				""
			]
		},
		{
			"type": "bitmap",
			"ascent": -13,
			"height": 16,
			"file": "vfxb.png",
			"chars": [
				""
			]
		},
		{
			"type": "bitmap",
			"ascent": -13,
			"height": 16,
			"file": "uapy.png",
			"chars": [
				""
			]
		},
		{
			"type": "bitmap",
			"ascent": -13,
			"height": 16,
			"file": "zkci.png",
			"chars": [
				""
			]
		},
		{
			"type": "bitmap",
			"ascent": -13,
			"height": 16,
			"file": "xtpk.png",
			"chars": [
				""
			]
		},
		{
			"type": "bitmap",
			"ascent": 7,
			"file": "xhjd.png",
			"chars": [
				""
			]
		},
		{
			"type": "bitmap",
			"ascent": 1200,
			"height": 2000,
			"file": "zdzj.png",
			"chars": [
				""
			]
		},
		{
			"type": "bitmap",
			"ascent": 1200,
			"height": 2000,
			"file": "vtor.png",
			"chars": [
				""
			]
		},
		{
			"type": "bitmap",
			"ascent": 1200,
			"height": 2000,
			"file": "uiqb.png",
			"chars": [
				""
			]
		},
		{
			"type": "bitmap",
			"ascent": 1200,
			"height": 2000,
			"file": "tiwx.png",
			"chars": [
				""
			]
		},
		{
			"type": "bitmap",
			"ascent": 1200,
			"height": 2000,
			"file": "uiiq.png",
			"chars": [
				""
			]
		},
		{
			"type": "bitmap",
			"ascent": 7,
			"file": "zxjw.png",
			"chars": [
				""
			]
		},
		{
			"type": "bitmap",
			"ascent": 1200,
			"height": 2000,
			"file": "jdwq.png",
			"chars": [
				""
			]
		},
		{
			"type": "bitmap",
			"ascent": 1200,
			"height": 2000,
			"file": "hlot.png",
			"chars": [
				""
			]
		},
		{
			"type": "bitmap",
			"ascent": 1200,
			"height": 2000,
			"file": "xyfd.png",
			"chars": [
				""
			]
		},
		{
			"type": "bitmap",
			"ascent": 1200,
			"height": 2000,
			"file": "qiqb.png",
			"chars": [
				""
			]
		},
		{
			"type": "bitmap",
			"ascent": 1200,
			"height": 2000,
			"file": "gtde.png",
			"chars": [
				""
			]
		},
		{
			"type": "bitmap",
			"ascent": -13,
			"height": 16,
			"file": "hwiy.png",
			"chars": [
				""
			]
		},
		{
			"type": "bitmap",
			"ascent": 7,
			"file": "yvun.png",
			"chars": [
				""
			]
		},
		{
			"type": "bitmap",
			"ascent": 7,
			"file": "schn.png",
			"chars": [
				""
			]
		},
		{
			"type": "bitmap",
			"ascent": 7,
			"file": "qqyq.png",
			"chars": [
				""
			]
		},
		{
			"type": "bitmap",
			"ascent": 7,
			"file": "wizh.png",
			"chars": [
				""
			]
		},
		{
			"type": "bitmap",
			"ascent": 7,
			"file": "hofh.png",
			"chars": [
				""
			]
		},
		{
			"type": "bitmap",
			"ascent": 8,
			"height": 12,
			"file": "item/compass_00.png",
			"chars": [
				""
			]
		},
		{
			"type": "bitmap",
			"ascent": 8,
			"height": 12,
			"file": "item/compass_01.png",
			"chars": [
				""
			]
		},
		{
			"type": "bitmap",
			"ascent": 8,
			"height": 12,
			"file": "item/compass_02.png",
			"chars": [
				""
			]
		},
		{
			"type": "bitmap",
			"ascent": 8,
			"height": 12,
			"file": "item/compass_03.png",
			"chars": [
				""
			]
		},
		{
			"type": "bitmap",
			"ascent": 8,
			"height": 12,
			"file": "item/compass_04.png",
			"chars": [
				""
			]
		},
		{
			"type": "bitmap",
			"ascent": 8,
			"height": 12,
			"file": "item/compass_05.png",
			"chars": [
				""
			]
		},
		{
			"type": "bitmap",
			"ascent": 8,
			"height": 12,
			"file": "item/compass_06.png",
			"chars": [
				""
			]
		},
		{
			"type": "bitmap",
			"ascent": 8,
			"height": 12,
			"file": "item/compass_07.png",
			"chars": [
				""
			]
		},
		{
			"type": "bitmap",
			"ascent": 8,
			"height": 12,
			"file": "item/compass_08.png",
			"chars": [
				""
			]
		},
		{
			"type": "bitmap",
			"ascent": 8,
			"height": 12,
			"file": "item/compass_09.png",
			"chars": [
				""
			]
		},
		{
			"type": "bitmap",
			"ascent": 8,
			"height": 12,
			"file": "item/compass_10.png",
			"chars": [
				""
			]
		},
		{
			"type": "bitmap",
			"ascent": 8,
			"height": 12,
			"file": "item/compass_11.png",
			"chars": [
				""
			]
		},
		{
			"type": "bitmap",
			"ascent": 8,
			"height": 12,
			"file": "item/compass_12.png",
			"chars": [
				""
			]
		},
		{
			"type": "bitmap",
			"ascent": 8,
			"height": 12,
			"file": "item/compass_13.png",
			"chars": [
				""
			]
		},
		{
			"type": "bitmap",
			"ascent": 8,
			"height": 12,
			"file": "item/compass_14.png",
			"chars": [
				""
			]
		},
		{
			"type": "bitmap",
			"ascent": 8,
			"height": 12,
			"file": "item/compass_15.png",
			"chars": [
				""
			]
		},
		{
			"type": "bitmap",
			"ascent": 8,
			"height": 12,
			"file": "item/compass_16.png",
			"chars": [
				""
			]
		},
		{
			"type": "bitmap",
			"ascent": 8,
			"height": 12,
			"file": "item/compass_17.png",
			"chars": [
				""
			]
		},
		{
			"type": "bitmap",
			"ascent": 8,
			"height": 12,
			"file": "item/compass_18.png",
			"chars": [
				""
			]
		},
		{
			"type": "bitmap",
			"ascent": 8,
			"height": 12,
			"file": "item/compass_19.png",
			"chars": [
				""
			]
		},
		{
			"type": "bitmap",
			"ascent": 8,
			"height": 12,
			"file": "item/compass_20.png",
			"chars": [
				""
			]
		},
		{
			"type": "bitmap",
			"ascent": 8,
			"height": 12,
			"file": "item/compass_21.png",
			"chars": [
				""
			]
		},
		{
			"type": "bitmap",
			"ascent": 8,
			"height": 12,
			"file": "item/compass_22.png",
			"chars": [
				""
			]
		},
		{
			"type": "bitmap",
			"ascent": 8,
			"height": 12,
			"file": "item/compass_23.png",
			"chars": [
				""
			]
		},
		{
			"type": "bitmap",
			"ascent": 8,
			"height": 12,
			"file": "item/compass_24.png",
			"chars": [
				""
			]
		},
		{
			"type": "bitmap",
			"ascent": 8,
			"height": 12,
			"file": "item/compass_25.png",
			"chars": [
				""
			]
		},
		{
			"type": "bitmap",
			"ascent": 8,
			"height": 12,
			"file": "item/compass_26.png",
			"chars": [
				""
			]
		},
		{
			"type": "bitmap",
			"ascent": 8,
			"height": 12,
			"file": "item/compass_27.png",
			"chars": [
				""
			]
		},
		{
			"type": "bitmap",
			"ascent": 8,
			"height": 12,
			"file": "item/compass_28.png",
			"chars": [
				""
			]
		},
		{
			"type": "bitmap",
			"ascent": 8,
			"height": 12,
			"file": "item/compass_29.png",
			"chars": [
				""
			]
		},
		{
			"type": "bitmap",
			"ascent": 8,
			"height": 12,
			"file": "item/compass_30.png",
			"chars": [
				""
			]
		},
		{
			"type": "bitmap",
			"ascent": 8,
			"height": 12,
			"file": "item/compass_31.png",
			"chars": [
				""
			]
		},
		{
			"type": "bitmap",
			"ascent": 8,
			"height": 12,
			"file": "item/clock_00.png",
			"chars": [
				""
			]
		},
		{
			"type": "bitmap",
			"ascent": 8,
			"height": 12,
			"file": "item/clock_01.png",
			"chars": [
				""
			]
		},
		{
			"type": "bitmap",
			"ascent": 8,
			"height": 12,
			"file": "item/clock_02.png",
			"chars": [
				""
			]
		},
		{
			"type": "bitmap",
			"ascent": 8,
			"height": 12,
			"file": "item/clock_03.png",
			"chars": [
				""
			]
		},
		{
			"type": "bitmap",
			"ascent": 8,
			"height": 12,
			"file": "item/clock_04.png",
			"chars": [
				""
			]
		},
		{
			"type": "bitmap",
			"ascent": 8,
			"height": 12,
			"file": "item/clock_05.png",
			"chars": [
				""
			]
		},
		{
			"type": "bitmap",
			"ascent": 8,
			"height": 12,
			"file": "item/clock_06.png",
			"chars": [
				""
			]
		},
		{
			"type": "bitmap",
			"ascent": 8,
			"height": 12,
			"file": "item/clock_07.png",
			"chars": [
				""
			]
		},
		{
			"type": "bitmap",
			"ascent": 8,
			"height": 12,
			"file": "item/clock_08.png",
			"chars": [
				""
			]
		},
		{
			"type": "bitmap",
			"ascent": 8,
			"height": 12,
			"file": "item/clock_09.png",
			"chars": [
				""
			]
		},
		{
			"type": "bitmap",
			"ascent": 8,
			"height": 12,
			"file": "item/clock_10.png",
			"chars": [
				""
			]
		},
		{
			"type": "bitmap",
			"ascent": 8,
			"height": 12,
			"file": "item/clock_11.png",
			"chars": [
				""
			]
		},
		{
			"type": "bitmap",
			"ascent": 8,
			"height": 12,
			"file": "item/clock_12.png",
			"chars": [
				""
			]
		},
		{
			"type": "bitmap",
			"ascent": 8,
			"height": 12,
			"file": "item/clock_13.png",
			"chars": [
				""
			]
		},
		{
			"type": "bitmap",
			"ascent": 8,
			"height": 12,
			"file": "item/clock_14.png",
			"chars": [
				""
			]
		},
		{
			"type": "bitmap",
			"ascent": 8,
			"height": 12,
			"file": "item/clock_15.png",
			"chars": [
				""
			]
		},
		{
			"type": "bitmap",
			"ascent": 8,
			"height": 12,
			"file": "item/clock_16.png",
			"chars": [
				""
			]
		},
		{
			"type": "bitmap",
			"ascent": 8,
			"height": 12,
			"file": "item/clock_17.png",
			"chars": [
				""
			]
		},
		{
			"type": "bitmap",
			"ascent": 8,
			"height": 12,
			"file": "item/clock_18.png",
			"chars": [
				""
			]
		},
		{
			"type": "bitmap",
			"ascent": 8,
			"height": 12,
			"file": "item/clock_19.png",
			"chars": [
				""
			]
		},
		{
			"type": "bitmap",
			"ascent": 8,
			"height": 12,
			"file": "item/clock_20.png",
			"chars": [
				""
			]
		},
		{
			"type": "bitmap",
			"ascent": 8,
			"height": 12,
			"file": "item/clock_21.png",
			"chars": [
				""
			]
		},
		{
			"type": "bitmap",
			"ascent": 8,
			"height": 12,
			"file": "item/clock_22.png",
			"chars": [
				""
			]
		},
		{
			"type": "bitmap",
			"ascent": 8,
			"height": 12,
			"file": "item/clock_23.png",
			"chars": [
				""
			]
		},
		{
			"type": "bitmap",
			"ascent": 8,
			"height": 12,
			"file": "item/clock_24.png",
			"chars": [
				""
			]
		},
		{
			"type": "bitmap",
			"ascent": 8,
			"height": 12,
			"file": "item/clock_25.png",
			"chars": [
				""
			]
		},
		{
			"type": "bitmap",
			"ascent": 8,
			"height": 12,
			"file": "item/clock_26.png",
			"chars": [
				""
			]
		},
		{
			"type": "bitmap",
			"ascent": 8,
			"height": 12,
			"file": "item/clock_27.png",
			"chars": [
				""
			]
		},
		{
			"type": "bitmap",
			"ascent": 8,
			"height": 12,
			"file": "item/clock_28.png",
			"chars": [
				""
			]
		},
		{
			"type": "bitmap",
			"ascent": 8,
			"height": 12,
			"file": "item/clock_29.png",
			"chars": [
				""
			]
		},
		{
			"type": "bitmap",
			"ascent": 8,
			"height": 12,
			"file": "item/clock_30.png",
			"chars": [
				""
			]
		},
		{
			"type": "bitmap",
			"ascent": 8,
			"height": 12,
			"file": "item/clock_31.png",
			"chars": [
				""
			]
		},
		{
			"type": "bitmap",
			"ascent": 8,
			"height": 12,
			"file": "item/clock_32.png",
			"chars": [
				""
			]
		},
		{
			"type": "bitmap",
			"ascent": 8,
			"height": 12,
			"file": "item/clock_33.png",
			"chars": [
				""
			]
		},
		{
			"type": "bitmap",
			"ascent": 8,
			"height": 12,
			"file": "item/clock_34.png",
			"chars": [
				""
			]
		},
		{
			"type": "bitmap",
			"ascent": 8,
			"height": 12,
			"file": "item/clock_35.png",
			"chars": [
				""
			]
		},
		{
			"type": "bitmap",
			"ascent": 8,
			"height": 12,
			"file": "item/clock_36.png",
			"chars": [
				""
			]
		},
		{
			"type": "bitmap",
			"ascent": 8,
			"height": 12,
			"file": "item/clock_37.png",
			"chars": [
				""
			]
		},
		{
			"type": "bitmap",
			"ascent": 8,
			"height": 12,
			"file": "item/clock_38.png",
			"chars": [
				""
			]
		},
		{
			"type": "bitmap",
			"ascent": 8,
			"height": 12,
			"file": "item/clock_39.png",
			"chars": [
				""
			]
		},
		{
			"type": "bitmap",
			"ascent": 8,
			"height": 12,
			"file": "item/clock_40.png",
			"chars": [
				""
			]
		},
		{
			"type": "bitmap",
			"ascent": 8,
			"height": 12,
			"file": "item/clock_41.png",
			"chars": [
				""
			]
		},
		{
			"type": "bitmap",
			"ascent": 8,
			"height": 12,
			"file": "item/clock_42.png",
			"chars": [
				""
			]
		},
		{
			"type": "bitmap",
			"ascent": 8,
			"height": 12,
			"file": "item/clock_43.png",
			"chars": [
				""
			]
		},
		{
			"type": "bitmap",
			"ascent": 8,
			"height": 12,
			"file": "item/clock_44.png",
			"chars": [
				""
			]
		},
		{
			"type": "bitmap",
			"ascent": 8,
			"height": 12,
			"file": "item/clock_45.png",
			"chars": [
				""
			]
		},
		{
			"type": "bitmap",
			"ascent": 8,
			"height": 12,
			"file": "item/clock_46.png",
			"chars": [
				""
			]
		},
		{
			"type": "bitmap",
			"ascent": 8,
			"height": 12,
			"file": "item/clock_47.png",
			"chars": [
				""
			]
		},
		{
			"type": "bitmap",
			"ascent": 8,
			"height": 12,
			"file": "item/clock_48.png",
			"chars": [
				""
			]
		},
		{
			"type": "bitmap",
			"ascent": 8,
			"height": 12,
			"file": "item/clock_49.png",
			"chars": [
				""
			]
		},
		{
			"type": "bitmap",
			"ascent": 8,
			"height": 12,
			"file": "item/clock_50.png",
			"chars": [
				""
			]
		},
		{
			"type": "bitmap",
			"ascent": 8,
			"height": 12,
			"file": "item/clock_51.png",
			"chars": [
				""
			]
		},
		{
			"type": "bitmap",
			"ascent": 8,
			"height": 12,
			"file": "item/clock_52.png",
			"chars": [
				""
			]
		},
		{
			"type": "bitmap",
			"ascent": 8,
			"height": 12,
			"file": "item/clock_53.png",
			"chars": [
				""
			]
		},
		{
			"type": "bitmap",
			"ascent": 8,
			"height": 12,
			"file": "item/clock_54.png",
			"chars": [
				""
			]
		},
		{
			"type": "bitmap",
			"ascent": 8,
			"height": 12,
			"file": "item/clock_55.png",
			"chars": [
				""
			]
		},
		{
			"type": "bitmap",
			"ascent": 8,
			"height": 12,
			"file": "item/clock_56.png",
			"chars": [
				""
			]
		},
		{
			"type": "bitmap",
			"ascent": 8,
			"height": 12,
			"file": "item/clock_57.png",
			"chars": [
				""
			]
		},
		{
			"type": "bitmap",
			"ascent": 8,
			"height": 12,
			"file": "item/clock_58.png",
			"chars": [
				""
			]
		},
		{
			"type": "bitmap",
			"ascent": 8,
			"height": 12,
			"file": "item/clock_59.png",
			"chars": [
				""
			]
		},
		{
			"type": "bitmap",
			"ascent": 8,
			"height": 12,
			"file": "item/clock_60.png",
			"chars": [
				""
			]
		},
		{
			"type": "bitmap",
			"ascent": 8,
			"height": 12,
			"file": "item/clock_61.png",
			"chars": [
				""
			]
		},
		{
			"type": "bitmap",
			"ascent": 8,
			"height": 12,
			"file": "item/clock_62.png",
			"chars": [
				""
			]
		},
		{
			"type": "bitmap",
			"ascent": 8,
			"height": 12,
			"file": "item/clock_63.png",
			"chars": [
				""
			]
		},
		{
			"type": "bitmap",
			"ascent": 7,
			"file": "item/totem_of_undying.png",
			"chars": [
				""
			]
		},
		{
			"type": "bitmap",
			"ascent": 7,
			"file": "item/oak_boat.png",
			"chars": [
				""
			]
		},
		{
			"type": "bitmap",
			"ascent": 7,
			"file": "item/minecart.png",
			"chars": [
				""
			]
		},
		{
			"type": "bitmap",
			"ascent": 7,
			"file": "item/clock_00.png",
			"chars": [
				""
			]
		},
		{
			"type": "bitmap",
			"ascent": 7,
			"file": "item/compass_31.png",
			"chars": [
				""
			]
		},
		{
			"type": "bitmap",
			"ascent": 7,
			"file": "item/elytra.png",
			"chars": [
				""
			]
		},
		{
			"type": "bitmap",
			"ascent": 7,
			"file": "item/turtle_egg.png",
			"chars": [
				""
			]
		},
		{
			"type": "bitmap",
			"ascent": 7,
			"file": "item/wooden_sword.png",
			"chars": [
				""
			]
		},
		{
			"type": "bitmap",
			"ascent": 7,
			"file": "item/stone_axe.png",
			"chars": [
				""
			]
		},
		{
			"type": "bitmap",
			"ascent": 7,
			"file": "item/golden_axe.png",
			"chars": [
				""
			]
		},
		{
			"type": "bitmap",
			"ascent": 7,
			"file": "item/bow.png",
			"chars": [
				""
			]
		},
		{
			"type": "bitmap",
			"ascent": 7,
			"file": "item/arrow.png",
			"chars": [
				""
			]
		},
		{
			"type": "bitmap",
			"ascent": 7,
			"file": "item/crossbow_standby.png",
			"chars": [
				""
			]
		},
		{
			"type": "bitmap",
			"ascent": 7,
			"file": "item/stone_shovel.png",
			"chars": [
				""
			]
		},
		{
			"type": "bitmap",
			"ascent": 7,
			"file": "item/golden_shovel.png",
			"chars": [
				""
			]
		},
		{
			"type": "bitmap",
			"ascent": 7,
			"file": "item/stone_hoe.png",
			"chars": [
				""
			]
		},
		{
			"type": "bitmap",
			"ascent": 7,
			"file": "item/golden_hoe.png",
			"chars": [
				""
			]
		},
		{
			"type": "bitmap",
			"ascent": 7,
			"file": "item/stone_pickaxe.png",
			"chars": [
				""
			]
		},
		{
			"type": "bitmap",
			"ascent": 7,
			"file": "item/golden_pickaxe.png",
			"chars": [
				""
			]
		},
		{
			"type": "bitmap",
			"ascent": 7,
			"file": "item/shears.png",
			"chars": [
				""
			]
		},
		{
			"type": "bitmap",
			"ascent": 7,
			"file": "item/stone_sword.png",
			"chars": [
				""
			]
		},
		{
			"type": "bitmap",
			"ascent": 7,
			"file": "item/structure_void.png",
			"chars": [
				""
			]
		},
		{
			"type": "bitmap",
			"ascent": 7,
			"file": "item/flint_and_steel.png",
			"chars": [
				""
			]
		},
		{
			"type": "bitmap",
			"ascent": 7,
			"file": "item/golden_sword.png",
			"chars": [
				""
			]
		},
		{
			"type": "bitmap",
			"ascent": 7,
			"file": "item/potion.png",
			"chars": [
				""
			]
		},
		{
			"type": "bitmap",
			"ascent": 7,
			"file": "item/fishing_rod.png",
			"chars": [
				""
			]
		},
		{
			"type": "bitmap",
			"ascent": 7,
			"file": "item/milk_bucket.png",
			"chars": [
				""
			]
		},
		{
			"type": "bitmap",
			"ascent": 7,
			"file": "item/apple.png",
			"chars": [
				""
			]
		},
		{
			"type": "bitmap",
			"ascent": 7,
			"file": "item/wheat.png",
			"chars": [
				""
			]
		},
		{
			"type": "bitmap",
			"ascent": 7,
			"file": "item/cooked_beef.png",
			"chars": [
				""
			]
		},
		{
			"type": "bitmap",
			"ascent": 7,
			"file": "item/carrot.png",
			"chars": [
				""
			]
		},
		{
			"type": "bitmap",
			"ascent": 7,
			"file": "item/rotten_flesh.png",
			"chars": [
				""
			]
		},
		{
			"type": "bitmap",
			"ascent": 7,
			"file": "item/beetroot_soup.png",
			"chars": [
				""
			]
		},
		{
			"type": "bitmap",
			"ascent": 7,
			"file": "item/redstone.png",
			"chars": [
				""
			]
		},
		{
			"type": "bitmap",
			"ascent": 7,
			"file": "item/glowstone_dust.png",
			"chars": [
				""
			]
		},
		{
			"type": "bitmap",
			"ascent": 7,
			"file": "block/torch.png",
			"chars": [
				""
			]
		},
		{
			"type": "bitmap",
			"ascent": 7,
			"file": "block/soul_torch.png",
			"chars": [
				""
			]
		},
		{
			"type": "bitmap",
			"ascent": 7,
			"file": "mob_effect/mining_fatigue.png",
			"chars": [
				""
			]
		},
		{
			"type": "bitmap",
			"ascent": 7,
			"file": "mob_effect/night_vision.png",
			"chars": [
				""
			]
		},
		{
			"type": "bitmap",
			"ascent": 7,
			"file": "mob_effect/jump_boost.png",
			"chars": [
				""
			]
		}
	]
}
