{
	"parent": "item/generated",
	"textures": {
		"layer0": "item/apple"
	},
	"overrides": [
		{
			"predicate": {
				"custom_model_data": 1
			},
			"model": "mxkz"
		},
		{
			"predicate": {
				"custom_model_data": 2
			},
			"model": "bkux"
		},
		{
			"predicate": {
				"custom_model_data": 3
			},
			"model": "mtnp"
		},
		{
			"predicate": {
				"custom_model_data": 4
			},
			"model": "kgtw"
		},
		{
			"predicate": {
				"custom_model_data": 5
			},
			"model": "ibax"
		},
		{
			"predicate": {
				"custom_model_data": 6
			},
			"model": "aawb"
		},
		{
			"predicate": {
				"custom_model_data": 7
			},
			"model": "qlzn"
		},
		{
			"predicate": {
				"custom_model_data": 8
			},
			"model": "nvpp"
		},
		{
			"predicate": {
				"custom_model_data": 9
			},
			"model": "sfer"
		},
		{
			"predicate": {
				"custom_model_data": 10
			},
			"model": "tewr"
		},
		{
			"predicate": {
				"custom_model_data": 11
			},
			"model": "xoog"
		},
		{
			"predicate": {
				"custom_model_data": 12
			},
			"model": "rjok"
		},
		{
			"predicate": {
				"custom_model_data": 13
			},
			"model": "fzwm"
		},
		{
			"predicate": {
				"custom_model_data": 14
			},
			"model": "zpem"
		},
		{
			"predicate": {
				"custom_model_data": 15
			},
			"model": "tzbp"
		},
		{
			"predicate": {
				"custom_model_data": 16
			},
			"model": "cezj"
		},
		{
			"predicate": {
				"custom_model_data": 17
			},
			"model": "nrdm"
		},
		{
			"predicate": {
				"custom_model_data": 18
			},
			"model": "ugrq"
		},
		{
			"predicate": {
				"custom_model_data": 19
			},
			"model": "obnd"
		},
		{
			"predicate": {
				"custom_model_data": 20
			},
			"model": "ufih"
		},
		{
			"predicate": {
				"custom_model_data": 21
			},
			"model": "myju"
		},
		{
			"predicate": {
				"custom_model_data": 22
			},
			"model": "qyht"
		},
		{
			"predicate": {
				"custom_model_data": 23
			},
			"model": "lnsa"
		}
	]
}
