{
	"parent": "item/generated",
	"textures": {
		"layer0": "item/apple"
	},
	"overrides": [
		{
			"predicate": {
				"custom_model_data": 1
			},
			"model": "bxxa"
		},
		{
			"predicate": {
				"custom_model_data": 2
			},
			"model": "uzki"
		},
		{
			"predicate": {
				"custom_model_data": 3
			},
			"model": "roco"
		},
		{
			"predicate": {
				"custom_model_data": 4
			},
			"model": "dxdx"
		},
		{
			"predicate": {
				"custom_model_data": 5
			},
			"model": "ybnb"
		},
		{
			"predicate": {
				"custom_model_data": 6
			},
			"model": "antf"
		},
		{
			"predicate": {
				"custom_model_data": 7
			},
			"model": "isty"
		},
		{
			"predicate": {
				"custom_model_data": 8
			},
			"model": "tiql"
		},
		{
			"predicate": {
				"custom_model_data": 9
			},
			"model": "qvap"
		},
		{
			"predicate": {
				"custom_model_data": 10
			},
			"model": "hopu"
		},
		{
			"predicate": {
				"custom_model_data": 11
			},
			"model": "gxyx"
		},
		{
			"predicate": {
				"custom_model_data": 12
			},
			"model": "adbi"
		},
		{
			"predicate": {
				"custom_model_data": 13
			},
			"model": "ueso"
		},
		{
			"predicate": {
				"custom_model_data": 14
			},
			"model": "qcbt"
		},
		{
			"predicate": {
				"custom_model_data": 15
			},
			"model": "ortb"
		},
		{
			"predicate": {
				"custom_model_data": 16
			},
			"model": "volr"
		},
		{
			"predicate": {
				"custom_model_data": 17
			},
			"model": "styp"
		},
		{
			"predicate": {
				"custom_model_data": 18
			},
			"model": "zlvr"
		},
		{
			"predicate": {
				"custom_model_data": 19
			},
			"model": "ryir"
		},
		{
			"predicate": {
				"custom_model_data": 20
			},
			"model": "uekc"
		},
		{
			"predicate": {
				"custom_model_data": 21
			},
			"model": "eigs"
		},
		{
			"predicate": {
				"custom_model_data": 22
			},
			"model": "syoj"
		},
		{
			"predicate": {
				"custom_model_data": 23
			},
			"model": "kqgd"
		}
	]
}
