{
	"parent": "item/generated",
	"textures": {
		"layer0": "item/apple"
	},
	"overrides": [
		{
			"predicate": {
				"custom_model_data": 1
			},
			"model": "awaw"
		},
		{
			"predicate": {
				"custom_model_data": 2
			},
			"model": "cgye"
		},
		{
			"predicate": {
				"custom_model_data": 3
			},
			"model": "ublz"
		},
		{
			"predicate": {
				"custom_model_data": 4
			},
			"model": "fiwg"
		},
		{
			"predicate": {
				"custom_model_data": 5
			},
			"model": "ouzw"
		},
		{
			"predicate": {
				"custom_model_data": 6
			},
			"model": "oklm"
		},
		{
			"predicate": {
				"custom_model_data": 7
			},
			"model": "erqb"
		},
		{
			"predicate": {
				"custom_model_data": 8
			},
			"model": "sosv"
		},
		{
			"predicate": {
				"custom_model_data": 9
			},
			"model": "ctlf"
		},
		{
			"predicate": {
				"custom_model_data": 10
			},
			"model": "txke"
		},
		{
			"predicate": {
				"custom_model_data": 11
			},
			"model": "mrrf"
		},
		{
			"predicate": {
				"custom_model_data": 12
			},
			"model": "dyvp"
		},
		{
			"predicate": {
				"custom_model_data": 13
			},
			"model": "ixav"
		},
		{
			"predicate": {
				"custom_model_data": 14
			},
			"model": "cwwg"
		},
		{
			"predicate": {
				"custom_model_data": 15
			},
			"model": "qzzs"
		},
		{
			"predicate": {
				"custom_model_data": 16
			},
			"model": "uuub"
		},
		{
			"predicate": {
				"custom_model_data": 17
			},
			"model": "djxt"
		},
		{
			"predicate": {
				"custom_model_data": 18
			},
			"model": "pihf"
		},
		{
			"predicate": {
				"custom_model_data": 19
			},
			"model": "ehdb"
		},
		{
			"predicate": {
				"custom_model_data": 20
			},
			"model": "xvgq"
		},
		{
			"predicate": {
				"custom_model_data": 21
			},
			"model": "oxez"
		},
		{
			"predicate": {
				"custom_model_data": 22
			},
			"model": "vags"
		},
		{
			"predicate": {
				"custom_model_data": 23
			},
			"model": "ckzi"
		}
	]
}
