{
	"parent": "item/generated",
	"textures": {
		"layer0": "item/apple"
	},
	"overrides": [
		{
			"predicate": {
				"custom_model_data": 1
			},
			"model": "vsns"
		},
		{
			"predicate": {
				"custom_model_data": 2
			},
			"model": "wiqm"
		},
		{
			"predicate": {
				"custom_model_data": 3
			},
			"model": "eqof"
		},
		{
			"predicate": {
				"custom_model_data": 4
			},
			"model": "ctau"
		},
		{
			"predicate": {
				"custom_model_data": 5
			},
			"model": "krfz"
		},
		{
			"predicate": {
				"custom_model_data": 6
			},
			"model": "zyyh"
		},
		{
			"predicate": {
				"custom_model_data": 7
			},
			"model": "mrkb"
		},
		{
			"predicate": {
				"custom_model_data": 8
			},
			"model": "wmpl"
		},
		{
			"predicate": {
				"custom_model_data": 9
			},
			"model": "ldcf"
		},
		{
			"predicate": {
				"custom_model_data": 10
			},
			"model": "bhql"
		},
		{
			"predicate": {
				"custom_model_data": 11
			},
			"model": "jinq"
		},
		{
			"predicate": {
				"custom_model_data": 12
			},
			"model": "rdwr"
		},
		{
			"predicate": {
				"custom_model_data": 13
			},
			"model": "gwqh"
		},
		{
			"predicate": {
				"custom_model_data": 14
			},
			"model": "vrlv"
		},
		{
			"predicate": {
				"custom_model_data": 15
			},
			"model": "rcae"
		},
		{
			"predicate": {
				"custom_model_data": 16
			},
			"model": "iqie"
		},
		{
			"predicate": {
				"custom_model_data": 17
			},
			"model": "uqqz"
		},
		{
			"predicate": {
				"custom_model_data": 18
			},
			"model": "dyop"
		},
		{
			"predicate": {
				"custom_model_data": 19
			},
			"model": "tavm"
		},
		{
			"predicate": {
				"custom_model_data": 20
			},
			"model": "dipt"
		},
		{
			"predicate": {
				"custom_model_data": 21
			},
			"model": "qsay"
		},
		{
			"predicate": {
				"custom_model_data": 22
			},
			"model": "gnrl"
		},
		{
			"predicate": {
				"custom_model_data": 23
			},
			"model": "cdhm"
		}
	]
}
