{
	"parent": "item/generated",
	"textures": {
		"layer0": "item/golden_apple"
	},
	"overrides": [
		{
			"predicate": {
				"custom_model_data": 1
			},
			"model": "dajd"
		},
		{
			"predicate": {
				"custom_model_data": 2
			},
			"model": "xfdu"
		},
		{
			"predicate": {
				"custom_model_data": 3
			},
			"model": "naiw"
		},
		{
			"predicate": {
				"custom_model_data": 4
			},
			"model": "arfn"
		},
		{
			"predicate": {
				"custom_model_data": 5
			},
			"model": "cosz"
		},
		{
			"predicate": {
				"custom_model_data": 6
			},
			"model": "vdvj"
		},
		{
			"predicate": {
				"custom_model_data": 7
			},
			"model": "yrci"
		},
		{
			"predicate": {
				"custom_model_data": 8
			},
			"model": "vtfk"
		}
	]
}
