{
	"parent": "item/generated",
	"textures": {
		"layer0": "item/golden_apple"
	},
	"overrides": [
		{
			"predicate": {
				"custom_model_data": 1
			},
			"model": "edgw"
		},
		{
			"predicate": {
				"custom_model_data": 2
			},
			"model": "sdhn"
		},
		{
			"predicate": {
				"custom_model_data": 3
			},
			"model": "ryek"
		},
		{
			"predicate": {
				"custom_model_data": 4
			},
			"model": "ovor"
		},
		{
			"predicate": {
				"custom_model_data": 5
			},
			"model": "sjjd"
		},
		{
			"predicate": {
				"custom_model_data": 6
			},
			"model": "xqhl"
		},
		{
			"predicate": {
				"custom_model_data": 7
			},
			"model": "nwld"
		},
		{
			"predicate": {
				"custom_model_data": 8
			},
			"model": "ttin"
		}
	]
}
