{
	"parent": "item/generated",
	"textures": {
		"layer0": "item/golden_apple"
	},
	"overrides": [
		{
			"predicate": {
				"custom_model_data": 1
			},
			"model": "jgmb"
		},
		{
			"predicate": {
				"custom_model_data": 2
			},
			"model": "xfuw"
		},
		{
			"predicate": {
				"custom_model_data": 3
			},
			"model": "wgdq"
		},
		{
			"predicate": {
				"custom_model_data": 4
			},
			"model": "evev"
		},
		{
			"predicate": {
				"custom_model_data": 5
			},
			"model": "neqn"
		},
		{
			"predicate": {
				"custom_model_data": 6
			},
			"model": "zyjr"
		},
		{
			"predicate": {
				"custom_model_data": 7
			},
			"model": "coxu"
		},
		{
			"predicate": {
				"custom_model_data": 8
			},
			"model": "mwrl"
		}
	]
}
