{
	"parent": "item/generated",
	"textures": {
		"layer0": "item/golden_apple"
	},
	"overrides": [
		{
			"predicate": {
				"custom_model_data": 1
			},
			"model": "qqzk"
		},
		{
			"predicate": {
				"custom_model_data": 2
			},
			"model": "vyge"
		},
		{
			"predicate": {
				"custom_model_data": 3
			},
			"model": "pdaz"
		},
		{
			"predicate": {
				"custom_model_data": 4
			},
			"model": "ydgx"
		},
		{
			"predicate": {
				"custom_model_data": 5
			},
			"model": "tnmz"
		},
		{
			"predicate": {
				"custom_model_data": 6
			},
			"model": "kpob"
		},
		{
			"predicate": {
				"custom_model_data": 7
			},
			"model": "qpyt"
		},
		{
			"predicate": {
				"custom_model_data": 8
			},
			"model": "pizi"
		}
	]
}
