{
	"parent": "item/generated",
	"textures": {
		"layer0": "item/iron_nugget"
	},
	"overrides": [
		{
			"predicate": {
				"custom_model_data": 1
			},
			"model": "wjnq"
		},
		{
			"predicate": {
				"custom_model_data": 2
			},
			"model": "gems"
		},
		{
			"predicate": {
				"custom_model_data": 3
			},
			"model": "zcub"
		},
		{
			"predicate": {
				"custom_model_data": 4
			},
			"model": "cxwu"
		},
		{
			"predicate": {
				"custom_model_data": 5
			},
			"model": "tlrd"
		},
		{
			"predicate": {
				"custom_model_data": 6
			},
			"model": "yzjd"
		},
		{
			"predicate": {
				"custom_model_data": 7
			},
			"model": "nxww"
		},
		{
			"predicate": {
				"custom_model_data": 8
			},
			"model": "tpem"
		},
		{
			"predicate": {
				"custom_model_data": 9
			},
			"model": "dcvf"
		},
		{
			"predicate": {
				"custom_model_data": 10
			},
			"model": "scfx"
		},
		{
			"predicate": {
				"custom_model_data": 11
			},
			"model": "mlqg"
		},
		{
			"predicate": {
				"custom_model_data": 12
			},
			"model": "tjjf"
		},
		{
			"predicate": {
				"custom_model_data": 13
			},
			"model": "cvra"
		},
		{
			"predicate": {
				"custom_model_data": 14
			},
			"model": "fooa"
		},
		{
			"predicate": {
				"custom_model_data": 15
			},
			"model": "addz"
		},
		{
			"predicate": {
				"custom_model_data": 16
			},
			"model": "nuxo"
		},
		{
			"predicate": {
				"custom_model_data": 17
			},
			"model": "djjp"
		},
		{
			"predicate": {
				"custom_model_data": 18
			},
			"model": "llka"
		},
		{
			"predicate": {
				"custom_model_data": 19
			},
			"model": "jlka"
		},
		{
			"predicate": {
				"custom_model_data": 20
			},
			"model": "xhtd"
		},
		{
			"predicate": {
				"custom_model_data": 21
			},
			"model": "onoj"
		},
		{
			"predicate": {
				"custom_model_data": 22
			},
			"model": "rcmq"
		},
		{
			"predicate": {
				"custom_model_data": 23
			},
			"model": "ludy"
		},
		{
			"predicate": {
				"custom_model_data": 24
			},
			"model": "hxsc"
		},
		{
			"predicate": {
				"custom_model_data": 25
			},
			"model": "izis"
		},
		{
			"predicate": {
				"custom_model_data": 26
			},
			"model": "jgvm"
		},
		{
			"predicate": {
				"custom_model_data": 27
			},
			"model": "ojpq"
		},
		{
			"predicate": {
				"custom_model_data": 28
			},
			"model": "woiu"
		},
		{
			"predicate": {
				"custom_model_data": 29
			},
			"model": "pood"
		},
		{
			"predicate": {
				"custom_model_data": 30
			},
			"model": "ixis"
		},
		{
			"predicate": {
				"custom_model_data": 31
			},
			"model": "kgyh"
		},
		{
			"predicate": {
				"custom_model_data": 32
			},
			"model": "qtri"
		},
		{
			"predicate": {
				"custom_model_data": 33
			},
			"model": "vjzh"
		},
		{
			"predicate": {
				"custom_model_data": 34
			},
			"model": "acfd"
		},
		{
			"predicate": {
				"custom_model_data": 35
			},
			"model": "pygt"
		},
		{
			"predicate": {
				"custom_model_data": 36
			},
			"model": "svye"
		},
		{
			"predicate": {
				"custom_model_data": 37
			},
			"model": "ajno"
		},
		{
			"predicate": {
				"custom_model_data": 38
			},
			"model": "fvio"
		},
		{
			"predicate": {
				"custom_model_data": 39
			},
			"model": "xste"
		},
		{
			"predicate": {
				"custom_model_data": 40
			},
			"model": "kimv"
		},
		{
			"predicate": {
				"custom_model_data": 41
			},
			"model": "cdtx"
		},
		{
			"predicate": {
				"custom_model_data": 42
			},
			"model": "nojz"
		},
		{
			"predicate": {
				"custom_model_data": 43
			},
			"model": "qppx"
		},
		{
			"predicate": {
				"custom_model_data": 44
			},
			"model": "yhww"
		},
		{
			"predicate": {
				"custom_model_data": 45
			},
			"model": "jtvx"
		}
	]
}
