{
	"parent": "item/generated",
	"textures": {
		"layer0": "item/iron_nugget"
	},
	"overrides": [
		{
			"predicate": {
				"custom_model_data": 1
			},
			"model": "zmof"
		},
		{
			"predicate": {
				"custom_model_data": 2
			},
			"model": "migi"
		},
		{
			"predicate": {
				"custom_model_data": 3
			},
			"model": "znnf"
		},
		{
			"predicate": {
				"custom_model_data": 4
			},
			"model": "orwm"
		},
		{
			"predicate": {
				"custom_model_data": 5
			},
			"model": "mcgj"
		},
		{
			"predicate": {
				"custom_model_data": 6
			},
			"model": "yrpy"
		},
		{
			"predicate": {
				"custom_model_data": 7
			},
			"model": "pcbu"
		},
		{
			"predicate": {
				"custom_model_data": 8
			},
			"model": "yjsk"
		},
		{
			"predicate": {
				"custom_model_data": 9
			},
			"model": "ovwp"
		},
		{
			"predicate": {
				"custom_model_data": 10
			},
			"model": "hhlb"
		},
		{
			"predicate": {
				"custom_model_data": 11
			},
			"model": "vfpg"
		},
		{
			"predicate": {
				"custom_model_data": 12
			},
			"model": "ijzl"
		},
		{
			"predicate": {
				"custom_model_data": 13
			},
			"model": "liqr"
		},
		{
			"predicate": {
				"custom_model_data": 14
			},
			"model": "nzws"
		},
		{
			"predicate": {
				"custom_model_data": 15
			},
			"model": "fruc"
		},
		{
			"predicate": {
				"custom_model_data": 16
			},
			"model": "vmdj"
		},
		{
			"predicate": {
				"custom_model_data": 17
			},
			"model": "zbkr"
		},
		{
			"predicate": {
				"custom_model_data": 18
			},
			"model": "rqha"
		},
		{
			"predicate": {
				"custom_model_data": 19
			},
			"model": "stzt"
		},
		{
			"predicate": {
				"custom_model_data": 20
			},
			"model": "fwpy"
		},
		{
			"predicate": {
				"custom_model_data": 21
			},
			"model": "adjg"
		},
		{
			"predicate": {
				"custom_model_data": 22
			},
			"model": "lvmh"
		},
		{
			"predicate": {
				"custom_model_data": 23
			},
			"model": "gket"
		},
		{
			"predicate": {
				"custom_model_data": 24
			},
			"model": "duik"
		},
		{
			"predicate": {
				"custom_model_data": 25
			},
			"model": "msmx"
		},
		{
			"predicate": {
				"custom_model_data": 26
			},
			"model": "mtzx"
		},
		{
			"predicate": {
				"custom_model_data": 27
			},
			"model": "vder"
		},
		{
			"predicate": {
				"custom_model_data": 28
			},
			"model": "jzws"
		},
		{
			"predicate": {
				"custom_model_data": 29
			},
			"model": "lnhw"
		},
		{
			"predicate": {
				"custom_model_data": 30
			},
			"model": "ehsi"
		},
		{
			"predicate": {
				"custom_model_data": 31
			},
			"model": "hvhx"
		},
		{
			"predicate": {
				"custom_model_data": 32
			},
			"model": "viva"
		},
		{
			"predicate": {
				"custom_model_data": 33
			},
			"model": "tgks"
		},
		{
			"predicate": {
				"custom_model_data": 34
			},
			"model": "lezx"
		},
		{
			"predicate": {
				"custom_model_data": 35
			},
			"model": "skxk"
		},
		{
			"predicate": {
				"custom_model_data": 36
			},
			"model": "wekc"
		},
		{
			"predicate": {
				"custom_model_data": 37
			},
			"model": "slsl"
		},
		{
			"predicate": {
				"custom_model_data": 38
			},
			"model": "xcsa"
		},
		{
			"predicate": {
				"custom_model_data": 39
			},
			"model": "apst"
		},
		{
			"predicate": {
				"custom_model_data": 40
			},
			"model": "oggr"
		},
		{
			"predicate": {
				"custom_model_data": 41
			},
			"model": "ehou"
		},
		{
			"predicate": {
				"custom_model_data": 42
			},
			"model": "nclr"
		},
		{
			"predicate": {
				"custom_model_data": 43
			},
			"model": "vdbq"
		},
		{
			"predicate": {
				"custom_model_data": 44
			},
			"model": "yvgq"
		},
		{
			"predicate": {
				"custom_model_data": 45
			},
			"model": "deio"
		}
	]
}
