{
	"parent": "item/generated",
	"textures": {
		"layer0": "item/iron_nugget"
	},
	"overrides": [
		{
			"predicate": {
				"custom_model_data": 1
			},
			"model": "zeui"
		},
		{
			"predicate": {
				"custom_model_data": 2
			},
			"model": "oijq"
		},
		{
			"predicate": {
				"custom_model_data": 3
			},
			"model": "ltwb"
		},
		{
			"predicate": {
				"custom_model_data": 4
			},
			"model": "qjkw"
		},
		{
			"predicate": {
				"custom_model_data": 5
			},
			"model": "dixa"
		},
		{
			"predicate": {
				"custom_model_data": 6
			},
			"model": "skev"
		},
		{
			"predicate": {
				"custom_model_data": 7
			},
			"model": "ebrd"
		},
		{
			"predicate": {
				"custom_model_data": 8
			},
			"model": "qolc"
		},
		{
			"predicate": {
				"custom_model_data": 9
			},
			"model": "flnv"
		},
		{
			"predicate": {
				"custom_model_data": 10
			},
			"model": "huxv"
		},
		{
			"predicate": {
				"custom_model_data": 11
			},
			"model": "mviu"
		},
		{
			"predicate": {
				"custom_model_data": 12
			},
			"model": "rjbx"
		},
		{
			"predicate": {
				"custom_model_data": 13
			},
			"model": "hqiz"
		},
		{
			"predicate": {
				"custom_model_data": 14
			},
			"model": "kvwn"
		},
		{
			"predicate": {
				"custom_model_data": 15
			},
			"model": "rukf"
		},
		{
			"predicate": {
				"custom_model_data": 16
			},
			"model": "upuf"
		},
		{
			"predicate": {
				"custom_model_data": 17
			},
			"model": "sqoz"
		},
		{
			"predicate": {
				"custom_model_data": 18
			},
			"model": "dphj"
		},
		{
			"predicate": {
				"custom_model_data": 19
			},
			"model": "tccf"
		},
		{
			"predicate": {
				"custom_model_data": 20
			},
			"model": "hulx"
		},
		{
			"predicate": {
				"custom_model_data": 21
			},
			"model": "cbxm"
		},
		{
			"predicate": {
				"custom_model_data": 22
			},
			"model": "mhku"
		},
		{
			"predicate": {
				"custom_model_data": 23
			},
			"model": "ohgs"
		},
		{
			"predicate": {
				"custom_model_data": 24
			},
			"model": "zpdl"
		},
		{
			"predicate": {
				"custom_model_data": 25
			},
			"model": "lpng"
		},
		{
			"predicate": {
				"custom_model_data": 26
			},
			"model": "kwcb"
		},
		{
			"predicate": {
				"custom_model_data": 27
			},
			"model": "sfpb"
		},
		{
			"predicate": {
				"custom_model_data": 28
			},
			"model": "mdmg"
		},
		{
			"predicate": {
				"custom_model_data": 29
			},
			"model": "hwbm"
		},
		{
			"predicate": {
				"custom_model_data": 30
			},
			"model": "rgjp"
		},
		{
			"predicate": {
				"custom_model_data": 31
			},
			"model": "hkoi"
		},
		{
			"predicate": {
				"custom_model_data": 32
			},
			"model": "xjob"
		},
		{
			"predicate": {
				"custom_model_data": 33
			},
			"model": "stup"
		},
		{
			"predicate": {
				"custom_model_data": 34
			},
			"model": "heei"
		},
		{
			"predicate": {
				"custom_model_data": 35
			},
			"model": "fzny"
		},
		{
			"predicate": {
				"custom_model_data": 36
			},
			"model": "qqyi"
		},
		{
			"predicate": {
				"custom_model_data": 37
			},
			"model": "qvpo"
		}
	]
}
