{
	"parent": "item/generated",
	"textures": {
		"layer0": "item/iron_nugget"
	},
	"overrides": [
		{
			"predicate": {
				"custom_model_data": 1
			},
			"model": "zuaw"
		},
		{
			"predicate": {
				"custom_model_data": 2
			},
			"model": "gzgz"
		},
		{
			"predicate": {
				"custom_model_data": 3
			},
			"model": "juzo"
		},
		{
			"predicate": {
				"custom_model_data": 4
			},
			"model": "flps"
		},
		{
			"predicate": {
				"custom_model_data": 5
			},
			"model": "wjxf"
		},
		{
			"predicate": {
				"custom_model_data": 6
			},
			"model": "qivo"
		},
		{
			"predicate": {
				"custom_model_data": 7
			},
			"model": "bnxb"
		},
		{
			"predicate": {
				"custom_model_data": 8
			},
			"model": "dttw"
		},
		{
			"predicate": {
				"custom_model_data": 9
			},
			"model": "bhjz"
		},
		{
			"predicate": {
				"custom_model_data": 10
			},
			"model": "vlxc"
		},
		{
			"predicate": {
				"custom_model_data": 11
			},
			"model": "szcv"
		},
		{
			"predicate": {
				"custom_model_data": 12
			},
			"model": "yver"
		},
		{
			"predicate": {
				"custom_model_data": 13
			},
			"model": "grdy"
		},
		{
			"predicate": {
				"custom_model_data": 14
			},
			"model": "zeen"
		},
		{
			"predicate": {
				"custom_model_data": 15
			},
			"model": "sbcj"
		},
		{
			"predicate": {
				"custom_model_data": 16
			},
			"model": "cuaj"
		},
		{
			"predicate": {
				"custom_model_data": 17
			},
			"model": "wkel"
		},
		{
			"predicate": {
				"custom_model_data": 18
			},
			"model": "byfd"
		},
		{
			"predicate": {
				"custom_model_data": 19
			},
			"model": "sddp"
		},
		{
			"predicate": {
				"custom_model_data": 20
			},
			"model": "uimz"
		},
		{
			"predicate": {
				"custom_model_data": 21
			},
			"model": "xisb"
		},
		{
			"predicate": {
				"custom_model_data": 22
			},
			"model": "rogc"
		},
		{
			"predicate": {
				"custom_model_data": 23
			},
			"model": "wezg"
		},
		{
			"predicate": {
				"custom_model_data": 24
			},
			"model": "iofi"
		},
		{
			"predicate": {
				"custom_model_data": 25
			},
			"model": "xmte"
		},
		{
			"predicate": {
				"custom_model_data": 26
			},
			"model": "wlvd"
		},
		{
			"predicate": {
				"custom_model_data": 27
			},
			"model": "hdmj"
		},
		{
			"predicate": {
				"custom_model_data": 28
			},
			"model": "oqta"
		},
		{
			"predicate": {
				"custom_model_data": 29
			},
			"model": "ctgf"
		},
		{
			"predicate": {
				"custom_model_data": 30
			},
			"model": "uayd"
		},
		{
			"predicate": {
				"custom_model_data": 31
			},
			"model": "vqeu"
		},
		{
			"predicate": {
				"custom_model_data": 32
			},
			"model": "fsco"
		},
		{
			"predicate": {
				"custom_model_data": 33
			},
			"model": "awwd"
		},
		{
			"predicate": {
				"custom_model_data": 34
			},
			"model": "gxxe"
		},
		{
			"predicate": {
				"custom_model_data": 35
			},
			"model": "kqwu"
		},
		{
			"predicate": {
				"custom_model_data": 36
			},
			"model": "jofe"
		},
		{
			"predicate": {
				"custom_model_data": 37
			},
			"model": "fcjf"
		},
		{
			"predicate": {
				"custom_model_data": 38
			},
			"model": "rpkx"
		},
		{
			"predicate": {
				"custom_model_data": 39
			},
			"model": "whey"
		},
		{
			"predicate": {
				"custom_model_data": 40
			},
			"model": "bspv"
		},
		{
			"predicate": {
				"custom_model_data": 41
			},
			"model": "jmbf"
		},
		{
			"predicate": {
				"custom_model_data": 42
			},
			"model": "dnze"
		},
		{
			"predicate": {
				"custom_model_data": 43
			},
			"model": "jnvb"
		},
		{
			"predicate": {
				"custom_model_data": 44
			},
			"model": "rrdi"
		},
		{
			"predicate": {
				"custom_model_data": 45
			},
			"model": "iysi"
		}
	]
}
