{
	"parent": "item/handheld",
	"textures": {
		"layer0": "item/stick"
	},
	"overrides": [
		{
			"predicate": {
				"custom_model_data": 1
			},
			"model": "vnzi"
		},
		{
			"predicate": {
				"custom_model_data": 2
			},
			"model": "ixqt"
		},
		{
			"predicate": {
				"custom_model_data": 3
			},
			"model": "ilzi"
		},
		{
			"predicate": {
				"custom_model_data": 4
			},
			"model": "jsrh"
		},
		{
			"predicate": {
				"custom_model_data": 5
			},
			"model": "zznv"
		},
		{
			"predicate": {
				"custom_model_data": 6
			},
			"model": "rhfc"
		},
		{
			"predicate": {
				"custom_model_data": 7
			},
			"model": "fznn"
		},
		{
			"predicate": {
				"custom_model_data": 8
			},
			"model": "fqpi"
		},
		{
			"predicate": {
				"custom_model_data": 9
			},
			"model": "fsia"
		}
	]
}
