{
	"parent": "item/handheld",
	"textures": {
		"layer0": "item/stick"
	},
	"overrides": [
		{
			"predicate": {
				"custom_model_data": 1
			},
			"model": "oqia"
		},
		{
			"predicate": {
				"custom_model_data": 2
			},
			"model": "fvle"
		},
		{
			"predicate": {
				"custom_model_data": 3
			},
			"model": "xeih"
		},
		{
			"predicate": {
				"custom_model_data": 4
			},
			"model": "rmdz"
		},
		{
			"predicate": {
				"custom_model_data": 5
			},
			"model": "isae"
		},
		{
			"predicate": {
				"custom_model_data": 6
			},
			"model": "ghaa"
		},
		{
			"predicate": {
				"custom_model_data": 7
			},
			"model": "ngzk"
		},
		{
			"predicate": {
				"custom_model_data": 8
			},
			"model": "zkue"
		},
		{
			"predicate": {
				"custom_model_data": 9
			},
			"model": "rmyj"
		}
	]
}
