{
	"parent": "item/handheld",
	"textures": {
		"layer0": "item/stick"
	},
	"overrides": [
		{
			"predicate": {
				"custom_model_data": 1
			},
			"model": "gewi"
		},
		{
			"predicate": {
				"custom_model_data": 2
			},
			"model": "miml"
		},
		{
			"predicate": {
				"custom_model_data": 3
			},
			"model": "uwvr"
		},
		{
			"predicate": {
				"custom_model_data": 4
			},
			"model": "vkub"
		},
		{
			"predicate": {
				"custom_model_data": 5
			},
			"model": "kduo"
		},
		{
			"predicate": {
				"custom_model_data": 6
			},
			"model": "xjtt"
		},
		{
			"predicate": {
				"custom_model_data": 7
			},
			"model": "ruze"
		},
		{
			"predicate": {
				"custom_model_data": 8
			},
			"model": "honc"
		},
		{
			"predicate": {
				"custom_model_data": 9
			},
			"model": "csrg"
		}
	]
}
