{
	"parent": "item/handheld",
	"textures": {
		"layer0": "item/stick"
	},
	"overrides": [
		{
			"predicate": {
				"custom_model_data": 1
			},
			"model": "mpqi"
		},
		{
			"predicate": {
				"custom_model_data": 2
			},
			"model": "llrf"
		},
		{
			"predicate": {
				"custom_model_data": 3
			},
			"model": "wzlt"
		},
		{
			"predicate": {
				"custom_model_data": 4
			},
			"model": "yglk"
		},
		{
			"predicate": {
				"custom_model_data": 5
			},
			"model": "obon"
		},
		{
			"predicate": {
				"custom_model_data": 6
			},
			"model": "yayw"
		},
		{
			"predicate": {
				"custom_model_data": 7
			},
			"model": "jbvo"
		},
		{
			"predicate": {
				"custom_model_data": 8
			},
			"model": "qegn"
		},
		{
			"predicate": {
				"custom_model_data": 9
			},
			"model": "aezd"
		}
	]
}
