{
	"multipart": [
		{
			"when": {
				"sculk_sensor_phase": "cooldown"
			},
			"apply": {
				"model": "block/sculk_sensor_inactive"
			}
		},
		{
			"when": {
				"sculk_sensor_phase": "active"
			},
			"apply": {
				"model": "block/sculk_sensor_active"
			}
		},
		{
			"when": {
				"sculk_sensor_phase": "inactive",
				"power": 0
			},
			"apply": {
				"model": "block/sculk_sensor_inactive"
			}
		},
		{
			"when": {
				"sculk_sensor_phase": "inactive",
				"power": 1
			},
			"apply": {
				"model": "rpkx"
			}
		},
		{
			"when": {
				"sculk_sensor_phase": "inactive",
				"power": 2
			},
			"apply": {
				"model": "whey"
			}
		},
		{
			"when": {
				"sculk_sensor_phase": "inactive",
				"power": 3
			},
			"apply": {
				"model": "bspv"
			}
		},
		{
			"when": {
				"sculk_sensor_phase": "inactive",
				"power": 4
			},
			"apply": {
				"model": "jmbf"
			}
		},
		{
			"when": {
				"sculk_sensor_phase": "inactive",
				"power": 5
			},
			"apply": {
				"model": "dnze"
			}
		},
		{
			"when": {
				"sculk_sensor_phase": "inactive",
				"power": 6
			},
			"apply": {
				"model": "jnvb"
			}
		},
		{
			"when": {
				"sculk_sensor_phase": "inactive",
				"power": 7
			},
			"apply": {
				"model": "rrdi"
			}
		},
		{
			"when": {
				"sculk_sensor_phase": "inactive",
				"power": 8
			},
			"apply": {
				"model": "iysi"
			}
		},
		{
			"when": {
				"sculk_sensor_phase": "inactive",
				"power": 8
			},
			"apply": {
				"model": "block/sculk_sensor_inactive"
			}
		},
		{
			"when": {
				"sculk_sensor_phase": "inactive",
				"power": 9
			},
			"apply": {
				"model": "block/sculk_sensor_inactive"
			}
		},
		{
			"when": {
				"sculk_sensor_phase": "inactive",
				"power": 10
			},
			"apply": {
				"model": "block/sculk_sensor_inactive"
			}
		},
		{
			"when": {
				"sculk_sensor_phase": "inactive",
				"power": 11
			},
			"apply": {
				"model": "block/sculk_sensor_inactive"
			}
		},
		{
			"when": {
				"sculk_sensor_phase": "inactive",
				"power": 12
			},
			"apply": {
				"model": "block/sculk_sensor_inactive"
			}
		},
		{
			"when": {
				"sculk_sensor_phase": "inactive",
				"power": 13
			},
			"apply": {
				"model": "block/sculk_sensor_inactive"
			}
		},
		{
			"when": {
				"sculk_sensor_phase": "inactive",
				"power": 14
			},
			"apply": {
				"model": "block/sculk_sensor_inactive"
			}
		},
		{
			"when": {
				"sculk_sensor_phase": "inactive",
				"power": 15
			},
			"apply": {
				"model": "block/sculk_sensor_inactive"
			}
		}
	]
}
