{
	"multipart": [
		{
			"when": {
				"sculk_sensor_phase": "inactive",
				"power": 0
			},
			"apply": {
				"model": "block/sculk_sensor_inactive"
			}
		},
		{
			"when": {
				"sculk_sensor_phase": "inactive",
				"power": 1
			},
			"apply": {
				"model": "xcsa"
			}
		},
		{
			"when": {
				"sculk_sensor_phase": "inactive",
				"power": 2
			},
			"apply": {
				"model": "apst"
			}
		},
		{
			"when": {
				"sculk_sensor_phase": "inactive",
				"power": 3
			},
			"apply": {
				"model": "oggr"
			}
		},
		{
			"when": {
				"sculk_sensor_phase": "inactive",
				"power": 4
			},
			"apply": {
				"model": "ehou"
			}
		},
		{
			"when": {
				"sculk_sensor_phase": "inactive",
				"power": 5
			},
			"apply": {
				"model": "nclr"
			}
		},
		{
			"when": {
				"sculk_sensor_phase": "inactive",
				"power": 6
			},
			"apply": {
				"model": "vdbq"
			}
		},
		{
			"when": {
				"sculk_sensor_phase": "inactive",
				"power": 7
			},
			"apply": {
				"model": "yvgq"
			}
		},
		{
			"when": {
				"sculk_sensor_phase": "inactive",
				"power": 8
			},
			"apply": {
				"model": "deio"
			}
		},
		{
			"when": {
				"sculk_sensor_phase": "inactive",
				"power": 8
			},
			"apply": {
				"model": "block/sculk_sensor_inactive"
			}
		},
		{
			"when": {
				"sculk_sensor_phase": "inactive",
				"power": 9
			},
			"apply": {
				"model": "block/sculk_sensor_inactive"
			}
		},
		{
			"when": {
				"sculk_sensor_phase": "inactive",
				"power": 10
			},
			"apply": {
				"model": "block/sculk_sensor_inactive"
			}
		},
		{
			"when": {
				"sculk_sensor_phase": "inactive",
				"power": 11
			},
			"apply": {
				"model": "block/sculk_sensor_inactive"
			}
		},
		{
			"when": {
				"sculk_sensor_phase": "inactive",
				"power": 12
			},
			"apply": {
				"model": "block/sculk_sensor_inactive"
			}
		},
		{
			"when": {
				"sculk_sensor_phase": "inactive",
				"power": 13
			},
			"apply": {
				"model": "block/sculk_sensor_inactive"
			}
		},
		{
			"when": {
				"sculk_sensor_phase": "inactive",
				"power": 14
			},
			"apply": {
				"model": "block/sculk_sensor_inactive"
			}
		},
		{
			"when": {
				"sculk_sensor_phase": "inactive",
				"power": 15
			},
			"apply": {
				"model": "block/sculk_sensor_inactive"
			}
		},
		{
			"when": {
				"sculk_sensor_phase": "cooldown"
			},
			"apply": {
				"model": "block/sculk_sensor_inactive"
			}
		},
		{
			"when": {
				"sculk_sensor_phase": "active"
			},
			"apply": {
				"model": "block/sculk_sensor_active"
			}
		}
	]
}
